theta,J(theta)3.1267,0.16063
3.125,0.16902
3.1234,0.17803
3.1217,0.18775
3.1201,0.19824
3.1184,0.20961
3.1168,0.22196
3.1151,0.23542
3.1135,0.25013
3.1118,0.26628
3.1102,0.28407
3.1085,0.30374
3.1069,0.32559
3.1052,0.34998
3.1036,0.37733
3.1019,0.40817
3.1003,0.44311
3.0986,0.4829
3.0969,0.52845
3.0953,0.58076
3.0936,0.64094
3.092,0.71004
3.0903,0.78868
3.0887,0.87631
3.087,0.96996
3.0854,1.0624
3.0837,1.1415
3.0821,1.1919
3.0804,1.2023
3.0788,1.1723
3.0771,1.1119
3.0755,1.0354
3.0738,0.95487
3.0722,0.87749
3.0705,0.8067
3.0689,0.74354
3.0672,0.68783
3.0655,0.63889
3.0639,0.59588
3.0622,0.558
3.0606,0.5245
3.0589,0.49476
3.0573,0.46823
3.0556,0.44446
3.054,0.42306
3.0523,0.40372
3.0507,0.38617
3.049,0.37018
3.0474,0.35556
3.0457,0.34216
3.0441,0.32982
3.0424,0.31843
3.0408,0.30789
3.0391,0.29812
3.0375,0.28903
3.0358,0.28055
3.0341,0.27263
3.0325,0.26522
3.0308,0.25827
3.0292,0.25174
3.0275,0.2456
3.0259,0.2398
3.0242,0.23433
3.0226,0.22916
3.0209,0.22427
3.0193,0.21963
3.0176,0.21523
3.016,0.21104
3.0143,0.20706
3.0127,0.20327
3.011,0.19966
3.0094,0.19621
3.0077,0.19291
3.0061,0.18977
3.0044,0.18675
3.0027,0.18387
3.0011,0.1811
2.9994,0.17845
2.9978,0.1759
2.9961,0.17346
2.9945,0.17111
2.9928,0.16885
2.9912,0.16667
2.9895,0.16458
2.9879,0.16256
2.9862,0.16061
2.9846,0.15873
2.9829,0.15692
2.9813,0.15517
2.9796,0.15348
2.978,0.15184
2.9763,0.15026
2.9746,0.14873
2.973,0.14725
2.9713,0.14582
2.9697,0.14443
2.968,0.14308
2.9664,0.14177
2.9647,0.14051
2.9631,0.13928
2.9614,0.13809
2.9598,0.13693
2.9581,0.1358
2.9565,0.13471
2.9548,0.13364
2.9532,0.13261
2.9515,0.1316
2.9499,0.13062
2.9482,0.12967
2.9466,0.12874
2.9449,0.12784
2.9432,0.12696
2.9416,0.1261
2.9399,0.12527
2.9383,0.12445
2.9366,0.12366
2.935,0.12288
2.9333,0.12213
2.9317,0.12139
2.93,0.12067
2.9284,0.11997
2.9267,0.11928
2.9251,0.11861
2.9234,0.11795
2.9218,0.11731
2.9201,0.11668
2.9185,0.11607
2.9168,0.11547
2.9152,0.11489
2.9135,0.11431
2.9118,0.11375
2.9102,0.1132
2.9085,0.11267
2.9069,0.11214
2.9052,0.11163
2.9036,0.11112
2.9019,0.11063
2.9003,0.11014
2.8986,0.10967
2.897,0.10921
2.8953,0.10875
2.8937,0.1083
2.892,0.10787
2.8904,0.10744
2.8887,0.10701
2.8871,0.1066
2.8854,0.1062
2.8838,0.1058
2.8821,0.10541
2.8804,0.10502
2.8788,0.10465
2.8771,0.10428
2.8755,0.10392
2.8738,0.10356
2.8722,0.10321
2.8705,0.10287
2.8689,0.10253
2.8672,0.1022
2.8656,0.10187
2.8639,0.10155
2.8623,0.10123
2.8606,0.10092
2.859,0.10062
2.8573,0.10032
2.8557,0.10003
2.854,0.099735
2.8524,0.09945
2.8507,0.09917
2.849,0.098893
2.8474,0.098622
2.8457,0.098354
2.8441,0.098091
2.8424,0.097832
2.8408,0.097577
2.8391,0.097326
2.8375,0.097079
2.8358,0.096835
2.8342,0.096595
2.8325,0.096359
2.8309,0.096126
2.8292,0.095897
2.8276,0.095671
2.8259,0.095449
2.8243,0.095229
2.8226,0.095013
2.821,0.0948
2.8193,0.09459
2.8176,0.094382
2.816,0.094178
2.8143,0.093977
2.8127,0.093778
2.811,0.093582
2.8094,0.093389
2.8077,0.093198
2.8061,0.09301
2.8044,0.092825
2.8028,0.092641
2.8011,0.092461
2.7995,0.092282
2.7978,0.092107
2.7962,0.091933
2.7945,0.091761
2.7929,0.091592
2.7912,0.091425
2.7896,0.09126
2.7879,0.091097
2.7862,0.090936
2.7846,0.090777
2.7829,0.09062
2.7813,0.090465
2.7796,0.090312
2.778,0.090161
2.7763,0.090011
2.7747,0.089863
2.773,0.089717
2.7714,0.089573
2.7697,0.089431
2.7681,0.08929
2.7664,0.08915
2.7648,0.089013
2.7631,0.088877
2.7615,0.088742
2.7598,0.088609
2.7582,0.088477
2.7565,0.088347
2.7548,0.088218
2.7532,0.088091
2.7515,0.087965
2.7499,0.087841
2.7482,0.087718
2.7466,0.087596
2.7449,0.087475
2.7433,0.087356
2.7416,0.087238
2.74,0.087121
2.7383,0.087005
2.7367,0.086891
2.735,0.086777
2.7334,0.086665
2.7317,0.086554
2.7301,0.086444
2.7284,0.086336
2.7268,0.086228
2.7251,0.086121
2.7234,0.086016
2.7218,0.085911
2.7201,0.085807
2.7185,0.085705
2.7168,0.085603
2.7152,0.085502
2.7135,0.085403
2.7119,0.085304
2.7102,0.085206
2.7086,0.085109
2.7069,0.085013
2.7053,0.084917
2.7036,0.084823
2.702,0.08473
2.7003,0.084637
2.6987,0.084545
2.697,0.084454
2.6954,0.084363
2.6937,0.084274
2.692,0.084185
2.6904,0.084097
2.6887,0.08401
2.6871,0.083923
2.6854,0.083838
2.6838,0.083752
2.6821,0.083668
2.6805,0.083584
2.6788,0.083501
2.6772,0.083419
2.6755,0.083337
2.6739,0.083256
2.6722,0.083176
2.6706,0.083096
2.6689,0.083017
2.6673,0.082938
2.6656,0.08286
2.6639,0.082783
2.6623,0.082706
2.6606,0.08263
2.659,0.082555
2.6573,0.082479
2.6557,0.082405
2.654,0.082331
2.6524,0.082258
2.6507,0.082185
2.6491,0.082112
2.6474,0.08204
2.6458,0.081969
2.6441,0.081898
2.6425,0.081828
2.6408,0.081758
2.6392,0.081689
2.6375,0.08162
2.6359,0.081551
2.6342,0.081483
2.6325,0.081416
2.6309,0.081348
2.6292,0.081282
2.6276,0.081215
2.6259,0.08115
2.6243,0.081084
2.6226,0.081019
2.621,0.080955
2.6193,0.08089
2.6177,0.080827
2.616,0.080763
2.6144,0.0807
2.6127,0.080638
2.6111,0.080575
2.6094,0.080514
2.6078,0.080452
2.6061,0.080391
2.6045,0.08033
2.6028,0.08027
2.6011,0.08021
2.5995,0.08015
2.5978,0.08009
2.5962,0.080031
2.5945,0.079973
2.5929,0.079914
2.5912,0.079856
2.5896,0.079798
2.5879,0.079741
2.5863,0.079684
2.5846,0.079627
2.583,0.07957
2.5813,0.079514
2.5797,0.079458
2.578,0.079402
2.5764,0.079347
2.5747,0.079292
2.5731,0.079237
2.5714,0.079182
2.5697,0.079128
2.5681,0.079074
2.5664,0.07902
2.5648,0.078966
2.5631,0.078913
2.5615,0.07886
2.5598,0.078807
2.5582,0.078755
2.5565,0.078702
2.5549,0.07865
2.5532,0.078598
2.5516,0.078547
2.5499,0.078495
2.5483,0.078444
2.5466,0.078393
2.545,0.078342
2.5433,0.078292
2.5417,0.078242
2.54,0.078192
2.5383,0.078142
2.5367,0.078092
2.535,0.078042
2.5334,0.077993
2.5317,0.077944
2.5301,0.077895
2.5284,0.077847
2.5268,0.077798
2.5251,0.07775
2.5235,0.077702
2.5218,0.077654
2.5202,0.077606
2.5185,0.077558
2.5169,0.077511
2.5152,0.077464
2.5136,0.077417
2.5119,0.07737
2.5103,0.077323
2.5086,0.077277
2.5069,0.07723
2.5053,0.077184
2.5036,0.077138
2.502,0.077092
2.5003,0.077046
2.4987,0.077
2.497,0.076955
2.4954,0.07691
2.4937,0.076864
2.4921,0.076819
2.4904,0.076775
2.4888,0.07673
2.4871,0.076685
2.4855,0.076641
2.4838,0.076596
2.4822,0.076552
2.4805,0.076508
2.4789,0.076464
2.4772,0.07642
2.4755,0.076377
2.4739,0.076333
2.4722,0.07629
2.4706,0.076246
2.4689,0.076203
2.4673,0.07616
2.4656,0.076117
2.464,0.076074
2.4623,0.076032
2.4607,0.075989
2.459,0.075946
2.4574,0.075904
2.4557,0.075862
2.4541,0.07582
2.4524,0.075777
2.4508,0.075736
2.4491,0.075694
2.4475,0.075652
2.4458,0.07561
2.4441,0.075569
2.4425,0.075527
2.4408,0.075486
2.4392,0.075445
2.4375,0.075403
2.4359,0.075362
2.4342,0.075321
2.4326,0.07528
2.4309,0.075239
2.4293,0.075199
2.4276,0.075158
2.426,0.075118
2.4243,0.075077
2.4227,0.075037
2.421,0.074996
2.4194,0.074956
2.4177,0.074916
2.4161,0.074876
2.4144,0.074836
2.4127,0.074796
2.4111,0.074756
2.4094,0.074716
2.4078,0.074677
2.4061,0.074637
2.4045,0.074597
2.4028,0.074558
2.4012,0.074519
2.3995,0.074479
2.3979,0.07444
2.3962,0.074401
2.3946,0.074362
2.3929,0.074323
2.3913,0.074284
2.3896,0.074245
2.388,0.074206
2.3863,0.074167
2.3846,0.074128
2.383,0.074089
2.3813,0.074051
2.3797,0.074012
2.378,0.073974
2.3764,0.073935
2.3747,0.073897
2.3731,0.073858
2.3714,0.07382
2.3698,0.073782
2.3681,0.073744
2.3665,0.073705
2.3648,0.073667
2.3632,0.073629
2.3615,0.073591
2.3599,0.073553
2.3582,0.073515
2.3566,0.073478
2.3549,0.07344
2.3532,0.073402
2.3516,0.073364
2.3499,0.073327
2.3483,0.073289
2.3466,0.073251
2.345,0.073214
2.3433,0.073176
2.3417,0.073139
2.34,0.073102
2.3384,0.073064
2.3367,0.073027
2.3351,0.07299
2.3334,0.072952
2.3318,0.072915
2.3301,0.072878
2.3285,0.072841
2.3268,0.072804
2.3252,0.072767
2.3235,0.07273
2.3218,0.072693
2.3202,0.072656
2.3185,0.072619
2.3169,0.072582
2.3152,0.072545
2.3136,0.072508
2.3119,0.072471
2.3103,0.072435
2.3086,0.072398
2.307,0.072361
2.3053,0.072324
2.3037,0.072288
2.302,0.072251
2.3004,0.072215
2.2987,0.072178
2.2971,0.072142
2.2954,0.072105
2.2938,0.072069
2.2921,0.072032
2.2904,0.071996
2.2888,0.071959
2.2871,0.071923
2.2855,0.071887
2.2838,0.07185
2.2822,0.071814
2.2805,0.071778
2.2789,0.071741
2.2772,0.071705
2.2756,0.071669
2.2739,0.071633
2.2723,0.071597
2.2706,0.07156
2.269,0.071524
2.2673,0.071488
2.2657,0.071452
2.264,0.071416
2.2624,0.07138
2.2607,0.071344
2.259,0.071308
2.2574,0.071272
2.2557,0.071236
2.2541,0.0712
2.2524,0.071164
2.2508,0.071128
2.2491,0.071092
2.2475,0.071056
2.2458,0.07102
2.2442,0.070984
2.2425,0.070949
2.2409,0.070913
2.2392,0.070877
2.2376,0.070841
2.2359,0.070805
2.2343,0.070769
2.2326,0.070734
2.231,0.070698
2.2293,0.070662
2.2276,0.070626
2.226,0.070591
2.2243,0.070555
2.2227,0.070519
2.221,0.070484
2.2194,0.070448
2.2177,0.070412
2.2161,0.070377
2.2144,0.070341
2.2128,0.070305
2.2111,0.07027
2.2095,0.070234
2.2078,0.070198
2.2062,0.070163
2.2045,0.070127
2.2029,0.070092
2.2012,0.070056
2.1996,0.070021
2.1979,0.069985
2.1962,0.069949
2.1946,0.069914
2.1929,0.069878
2.1913,0.069843
2.1896,0.069807
2.188,0.069772
2.1863,0.069736
2.1847,0.069701
2.183,0.069665
2.1814,0.06963
2.1797,0.069594
2.1781,0.069559
2.1764,0.069523
2.1748,0.069488
2.1731,0.069452
2.1715,0.069417
2.1698,0.069381
2.1682,0.069346
2.1665,0.06931
2.1648,0.069275
2.1632,0.06924
2.1615,0.069204
2.1599,0.069169
2.1582,0.069133
2.1566,0.069098
2.1549,0.069062
2.1533,0.069027
2.1516,0.068991
2.15,0.068956
2.1483,0.068921
2.1467,0.068885
2.145,0.06885
2.1434,0.068814
2.1417,0.068779
2.1401,0.068743
2.1384,0.068708
2.1368,0.068673
2.1351,0.068637
2.1334,0.068602
2.1318,0.068566
2.1301,0.068531
2.1285,0.068496
2.1268,0.06846
2.1252,0.068425
2.1235,0.068389
2.1219,0.068354
2.1202,0.068318
2.1186,0.068283
2.1169,0.068248
2.1153,0.068212
2.1136,0.068177
2.112,0.068141
2.1103,0.068106
2.1087,0.06807
2.107,0.068035
2.1054,0.068
2.1037,0.067964
2.102,0.067929
2.1004,0.067893
2.0987,0.067858
2.0971,0.067822
2.0954,0.067787
2.0938,0.067752
2.0921,0.067716
2.0905,0.067681
2.0888,0.067645
2.0872,0.06761
2.0855,0.067574
2.0839,0.067539
2.0822,0.067503
2.0806,0.067468
2.0789,0.067432
2.0773,0.067397
2.0756,0.067361
2.0739,0.067326
2.0723,0.06729
2.0706,0.067255
2.069,0.067219
2.0673,0.067184
2.0657,0.067148
2.064,0.067113
2.0624,0.067077
2.0607,0.067042
2.0591,0.067006
2.0574,0.066971
2.0558,0.066935
2.0541,0.0669
2.0525,0.066864
2.0508,0.066829
2.0492,0.066793
2.0475,0.066758
2.0459,0.066722
2.0442,0.066687
2.0425,0.066651
2.0409,0.066615
2.0392,0.06658
2.0376,0.066544
2.0359,0.066509
2.0343,0.066473
2.0326,0.066437
2.031,0.066402
2.0293,0.066366
2.0277,0.066331
2.026,0.066295
2.0244,0.066259
2.0227,0.066224
2.0211,0.066188
2.0194,0.066152
2.0178,0.066117
2.0161,0.066081
2.0145,0.066046
2.0128,0.06601
2.0111,0.065974
2.0095,0.065938
2.0078,0.065903
2.0062,0.065867
2.0045,0.065831
2.0029,0.065796
2.0012,0.06576
1.9996,0.065724
1.9979,0.065689
1.9963,0.065653
1.9946,0.065617
1.993,0.065581
1.9913,0.065546
1.9897,0.06551
1.988,0.065474
1.9864,0.065438
1.9847,0.065403
1.9831,0.065367
1.9814,0.065331
1.9797,0.065295
1.9781,0.065259
1.9764,0.065224
1.9748,0.065188
1.9731,0.065152
1.9715,0.065116
1.9698,0.06508
1.9682,0.065045
1.9665,0.065009
1.9649,0.064973
1.9632,0.064937
1.9616,0.064901
1.9599,0.064865
1.9583,0.064829
1.9566,0.064793
1.955,0.064758
1.9533,0.064722
1.9517,0.064686
1.95,0.06465
1.9483,0.064614
1.9467,0.064578
1.945,0.064542
1.9434,0.064506
1.9417,0.06447
1.9401,0.064434
1.9384,0.064398
1.9368,0.064362
1.9351,0.064326
1.9335,0.06429
1.9318,0.064254
1.9302,0.064218
1.9285,0.064182
1.9269,0.064146
1.9252,0.06411
1.9236,0.064074
1.9219,0.064038
1.9203,0.064002
1.9186,0.063966
1.9169,0.06393
1.9153,0.063894
1.9136,0.063858
1.912,0.063822
1.9103,0.063786
1.9087,0.06375
1.907,0.063714
1.9054,0.063678
1.9037,0.063641
1.9021,0.063605
1.9004,0.063569
1.8988,0.063533
1.8971,0.063497
1.8955,0.063461
1.8938,0.063425
1.8922,0.063389
1.8905,0.063352
1.8889,0.063316
1.8872,0.06328
1.8855,0.063244
1.8839,0.063208
1.8822,0.063171
1.8806,0.063135
1.8789,0.063099
1.8773,0.063063
1.8756,0.063027
1.874,0.06299
1.8723,0.062954
1.8707,0.062918
1.869,0.062882
1.8674,0.062845
1.8657,0.062809
1.8641,0.062773
1.8624,0.062736
1.8608,0.0627
1.8591,0.062664
1.8575,0.062628
1.8558,0.062591
1.8541,0.062555
1.8525,0.062519
1.8508,0.062482
1.8492,0.062446
1.8475,0.06241
1.8459,0.062373
1.8442,0.062337
1.8426,0.062301
1.8409,0.062264
1.8393,0.062228
1.8376,0.062191
1.836,0.062155
1.8343,0.062119
1.8327,0.062082
1.831,0.062046
1.8294,0.062009
1.8277,0.061973
1.8261,0.061937
1.8244,0.0619
1.8227,0.061864
1.8211,0.061827
1.8194,0.061791
1.8178,0.061754
1.8161,0.061718
1.8145,0.061681
1.8128,0.061645
1.8112,0.061608
1.8095,0.061572
1.8079,0.061535
1.8062,0.061499
1.8046,0.061462
1.8029,0.061426
1.8013,0.061389
1.7996,0.061353
1.798,0.061316
1.7963,0.06128
1.7946,0.061243
1.793,0.061207
1.7913,0.06117
1.7897,0.061133
1.788,0.061097
1.7864,0.06106
1.7847,0.061024
1.7831,0.060987
1.7814,0.060951
1.7798,0.060914
1.7781,0.060877
1.7765,0.060841
1.7748,0.060804
1.7732,0.060767
1.7715,0.060731
1.7699,0.060694
1.7682,0.060658
1.7666,0.060621
1.7649,0.060584
1.7632,0.060548
1.7616,0.060511
1.7599,0.060474
1.7583,0.060438
1.7566,0.060401
1.755,0.060364
1.7533,0.060328
1.7517,0.060291
1.75,0.060254
1.7484,0.060218
1.7467,0.060181
1.7451,0.060144
1.7434,0.060107
1.7418,0.060071
1.7401,0.060034
1.7385,0.059997
1.7368,0.05996
1.7352,0.059924
1.7335,0.059887
1.7318,0.05985
1.7302,0.059813
1.7285,0.059777
1.7269,0.05974
1.7252,0.059703
1.7236,0.059666
1.7219,0.05963
1.7203,0.059593
1.7186,0.059556
1.717,0.059519
1.7153,0.059483
1.7137,0.059446
1.712,0.059409
1.7104,0.059372
1.7087,0.059335
1.7071,0.059298
1.7054,0.059262
1.7038,0.059225
1.7021,0.059188
1.7004,0.059151
1.6988,0.059114
1.6971,0.059078
1.6955,0.059041
1.6938,0.059004
1.6922,0.058967
1.6905,0.05893
1.6889,0.058893
1.6872,0.058856
1.6856,0.05882
1.6839,0.058783
1.6823,0.058746
1.6806,0.058709
1.679,0.058672
1.6773,0.058635
1.6757,0.058598
1.674,0.058561
1.6724,0.058525
1.6707,0.058488
1.669,0.058451
1.6674,0.058414
1.6657,0.058377
1.6641,0.05834
1.6624,0.058303
1.6608,0.058266
1.6591,0.058229
1.6575,0.058192
1.6558,0.058155
1.6542,0.058119
1.6525,0.058082
1.6509,0.058045
1.6492,0.058008
1.6476,0.057971
1.6459,0.057934
1.6443,0.057897
1.6426,0.05786
1.641,0.057823
1.6393,0.057786
1.6376,0.057749
1.636,0.057712
1.6343,0.057675
1.6327,0.057638
1.631,0.057601
1.6294,0.057564
1.6277,0.057527
1.6261,0.057491
1.6244,0.057454
1.6228,0.057417
1.6211,0.05738
1.6195,0.057343
1.6178,0.057306
1.6162,0.057269
1.6145,0.057232
1.6129,0.057195
1.6112,0.057158
1.6096,0.057121
1.6079,0.057084
1.6062,0.057047
1.6046,0.05701
1.6029,0.056973
1.6013,0.056936
1.5996,0.056899
1.598,0.056862
1.5963,0.056825
1.5947,0.056788
1.593,0.056751
1.5914,0.056714
1.5897,0.056677
1.5881,0.05664
1.5864,0.056603
1.5848,0.056566
1.5831,0.056529
1.5815,0.056492
1.5798,0.056455
1.5782,0.056418
1.5765,0.056381
1.5748,0.056344
1.5732,0.056307
1.5715,0.05627
1.5699,0.056233
1.5682,0.056196
1.5666,0.056159
1.5649,0.056122
1.5633,0.056085
1.5616,0.056048
1.56,0.056011
1.5583,0.055974
1.5567,0.055937
1.555,0.0559
1.5534,0.055863
1.5517,0.055826
1.5501,0.055789
1.5484,0.055752
1.5468,0.055715
1.5451,0.055678
1.5434,0.055641
1.5418,0.055604
1.5401,0.055567
1.5385,0.05553
1.5368,0.055493
1.5352,0.055456
1.5335,0.055419
1.5319,0.055382
1.5302,0.055345
1.5286,0.055308
1.5269,0.055271
1.5253,0.055234
1.5236,0.055197
1.522,0.05516
1.5203,0.055123
1.5187,0.055086
1.517,0.055049
1.5154,0.055012
1.5137,0.054975
1.512,0.054938
1.5104,0.054901
1.5087,0.054865
1.5071,0.054828
1.5054,0.054791
1.5038,0.054754
1.5021,0.054717
1.5005,0.05468
1.4988,0.054643
1.4972,0.054606
1.4955,0.054569
1.4939,0.054532
1.4922,0.054495
1.4906,0.054458
1.4889,0.054421
1.4873,0.054384
1.4856,0.054347
1.4839,0.05431
1.4823,0.054273
1.4806,0.054236
1.479,0.054199
1.4773,0.054162
1.4757,0.054125
1.474,0.054089
1.4724,0.054052
1.4707,0.054015
1.4691,0.053978
1.4674,0.053941
1.4658,0.053904
1.4641,0.053867
1.4625,0.05383
1.4608,0.053793
1.4592,0.053756
1.4575,0.053719
1.4559,0.053683
1.4542,0.053646
1.4525,0.053609
1.4509,0.053572
1.4492,0.053535
1.4476,0.053498
1.4459,0.053461
1.4443,0.053424
1.4426,0.053387
1.441,0.053351
1.4393,0.053314
1.4377,0.053277
1.436,0.05324
1.4344,0.053203
1.4327,0.053166
1.4311,0.05313
1.4294,0.053093
1.4278,0.053056
1.4261,0.053019
1.4245,0.052982
1.4228,0.052945
1.4211,0.052909
1.4195,0.052872
1.4178,0.052835
1.4162,0.052798
1.4145,0.052761
1.4129,0.052724
1.4112,0.052688
1.4096,0.052651
1.4079,0.052614
1.4063,0.052577
1.4046,0.052541
1.403,0.052504
1.4013,0.052467
1.3997,0.05243
1.398,0.052393
1.3964,0.052357
1.3947,0.05232
1.3931,0.052283
1.3914,0.052247
1.3897,0.05221
1.3881,0.052173
1.3864,0.052136
1.3848,0.0521
1.3831,0.052063
1.3815,0.052026
1.3798,0.051989
1.3782,0.051953
1.3765,0.051916
1.3749,0.051879
1.3732,0.051843
1.3716,0.051806
1.3699,0.051769
1.3683,0.051733
1.3666,0.051696
1.365,0.051659
1.3633,0.051623
1.3617,0.051586
1.36,0.051549
1.3583,0.051513
1.3567,0.051476
1.355,0.05144
1.3534,0.051403
1.3517,0.051366
1.3501,0.05133
1.3484,0.051293
1.3468,0.051257
1.3451,0.05122
1.3435,0.051183
1.3418,0.051147
1.3402,0.05111
1.3385,0.051074
1.3369,0.051037
1.3352,0.051001
1.3336,0.050964
1.3319,0.050928
1.3303,0.050891
1.3286,0.050855
1.3269,0.050818
1.3253,0.050782
1.3236,0.050745
1.322,0.050709
1.3203,0.050672
1.3187,0.050636
1.317,0.050599
1.3154,0.050563
1.3137,0.050526
1.3121,0.05049
1.3104,0.050453
1.3088,0.050417
1.3071,0.05038
1.3055,0.050344
1.3038,0.050308
1.3022,0.050271
1.3005,0.050235
1.2989,0.050198
1.2972,0.050162
1.2955,0.050126
1.2939,0.050089
1.2922,0.050053
1.2906,0.050017
1.2889,0.04998
1.2873,0.049944
1.2856,0.049908
1.284,0.049871
1.2823,0.049835
1.2807,0.049799
1.279,0.049762
1.2774,0.049726
1.2757,0.04969
1.2741,0.049653
1.2724,0.049617
1.2708,0.049581
1.2691,0.049545
1.2675,0.049508
1.2658,0.049472
1.2641,0.049436
1.2625,0.0494
1.2608,0.049364
1.2592,0.049327
1.2575,0.049291
1.2559,0.049255
1.2542,0.049219
1.2526,0.049183
1.2509,0.049146
1.2493,0.04911
1.2476,0.049074
1.246,0.049038
1.2443,0.049002
1.2427,0.048966
1.241,0.04893
1.2394,0.048894
1.2377,0.048858
1.2361,0.048821
1.2344,0.048785
1.2327,0.048749
1.2311,0.048713
1.2294,0.048677
1.2278,0.048641
1.2261,0.048605
1.2245,0.048569
1.2228,0.048533
1.2212,0.048497
1.2195,0.048461
1.2179,0.048425
1.2162,0.048389
1.2146,0.048353
1.2129,0.048317
1.2113,0.048281
1.2096,0.048245
1.208,0.048209
1.2063,0.048174
1.2046,0.048138
1.203,0.048102
1.2013,0.048066
1.1997,0.04803
1.198,0.047994
1.1964,0.047958
1.1947,0.047922
1.1931,0.047887
1.1914,0.047851
1.1898,0.047815
1.1881,0.047779
1.1865,0.047743
1.1848,0.047708
1.1832,0.047672
1.1815,0.047636
1.1799,0.0476
1.1782,0.047565
1.1766,0.047529
1.1749,0.047493
1.1732,0.047457
1.1716,0.047422
1.1699,0.047386
1.1683,0.04735
1.1666,0.047315
1.165,0.047279
1.1633,0.047243
1.1617,0.047208
1.16,0.047172
1.1584,0.047136
1.1567,0.047101
1.1551,0.047065
1.1534,0.04703
1.1518,0.046994
1.1501,0.046958
1.1485,0.046923
1.1468,0.046887
1.1452,0.046852
1.1435,0.046816
1.1418,0.046781
1.1402,0.046745
1.1385,0.04671
1.1369,0.046674
1.1352,0.046639
1.1336,0.046603
1.1319,0.046568
1.1303,0.046532
1.1286,0.046497
1.127,0.046462
1.1253,0.046426
1.1237,0.046391
1.122,0.046355
1.1204,0.04632
1.1187,0.046285
1.1171,0.046249
1.1154,0.046214
1.1138,0.046179
1.1121,0.046143
1.1104,0.046108
1.1088,0.046073
1.1071,0.046037
1.1055,0.046002
1.1038,0.045967
1.1022,0.045932
1.1005,0.045896
1.0989,0.045861
1.0972,0.045826
1.0956,0.045791
1.0939,0.045756
1.0923,0.04572
1.0906,0.045685
1.089,0.04565
1.0873,0.045615
1.0857,0.04558
1.084,0.045545
1.0824,0.04551
1.0807,0.045475
1.079,0.045439
1.0774,0.045404
1.0757,0.045369
1.0741,0.045334
1.0724,0.045299
1.0708,0.045264
1.0691,0.045229
1.0675,0.045194
1.0658,0.045159
1.0642,0.045124
1.0625,0.045089
1.0609,0.045054
1.0592,0.045019
1.0576,0.044984
1.0559,0.04495
1.0543,0.044915
1.0526,0.04488
1.051,0.044845
1.0493,0.04481
1.0476,0.044775
1.046,0.04474
1.0443,0.044705
1.0427,0.044671
1.041,0.044636
1.0394,0.044601
1.0377,0.044566
1.0361,0.044531
1.0344,0.044497
1.0328,0.044462
1.0311,0.044427
1.0295,0.044393
1.0278,0.044358
1.0262,0.044323
1.0245,0.044288
1.0229,0.044254
1.0212,0.044219
1.0196,0.044184
1.0179,0.04415
1.0162,0.044115
1.0146,0.044081
1.0129,0.044046
1.0113,0.044011
1.0096,0.043977
1.008,0.043942
1.0063,0.043908
1.0047,0.043873
1.003,0.043839
1.0014,0.043804
0.99972,0.04377
0.99807,0.043735
0.99641,0.043701
0.99476,0.043666
0.99311,0.043632
0.99146,0.043597
0.9898,0.043563
0.98815,0.043529
0.9865,0.043494
0.98485,0.04346
0.98319,0.043426
0.98154,0.043391
0.97989,0.043357
0.97824,0.043323
0.97658,0.043288
0.97493,0.043254
0.97328,0.04322
0.97162,0.043185
0.96997,0.043151
0.96832,0.043117
0.96667,0.043083
0.96501,0.043048
0.96336,0.043014
0.96171,0.04298
0.96006,0.042946
0.9584,0.042912
0.95675,0.042878
0.9551,0.042843
0.95345,0.042809
0.95179,0.042775
0.95014,0.042741
0.94849,0.042707
0.94683,0.042673
0.94518,0.042639
0.94353,0.042605
0.94188,0.042571
0.94022,0.042537
0.93857,0.042503
0.93692,0.042469
0.93527,0.042435
0.93361,0.042401
0.93196,0.042367
0.93031,0.042333
0.92866,0.042299
0.927,0.042265
0.92535,0.042231
0.9237,0.042197
0.92204,0.042163
0.92039,0.04213
0.91874,0.042096
0.91709,0.042062
0.91543,0.042028
0.91378,0.041994
0.91213,0.04196
0.91048,0.041927
0.90882,0.041893
0.90717,0.041859
0.90552,0.041825
0.90387,0.041792
0.90221,0.041758
0.90056,0.041724
0.89891,0.041691
0.89725,0.041657
0.8956,0.041623
0.89395,0.04159
0.8923,0.041556
0.89064,0.041522
0.88899,0.041489
0.88734,0.041455
0.88569,0.041422
0.88403,0.041388
0.88238,0.041354
0.88073,0.041321
0.87908,0.041287
0.87742,0.041254
0.87577,0.04122
0.87412,0.041187
0.87246,0.041153
0.87081,0.04112
0.86916,0.041087
0.86751,0.041053
0.86585,0.04102
0.8642,0.040986
0.86255,0.040953
0.8609,0.04092
0.85924,0.040886
0.85759,0.040853
0.85594,0.04082
0.85429,0.040786
0.85263,0.040753
0.85098,0.04072
0.84933,0.040686
0.84768,0.040653
0.84602,0.04062
0.84437,0.040587
0.84272,0.040553
0.84106,0.04052
0.83941,0.040487
0.83776,0.040454
0.83611,0.040421
0.83445,0.040388
0.8328,0.040354
0.83115,0.040321
0.8295,0.040288
0.82784,0.040255
0.82619,0.040222
0.82454,0.040189
0.82289,0.040156
0.82123,0.040123
0.81958,0.04009
0.81793,0.040057
0.81627,0.040024
0.81462,0.039991
0.81297,0.039958
0.81132,0.039925
0.80966,0.039892
0.80801,0.039859
0.80636,0.039826
0.80471,0.039793
0.80305,0.03976
0.8014,0.039727
0.79975,0.039695
0.7981,0.039662
0.79644,0.039629
0.79479,0.039596
0.79314,0.039563
0.79148,0.03953
0.78983,0.039498
0.78818,0.039465
0.78653,0.039432
0.78487,0.039399
0.78322,0.039367
0.78157,0.039334
0.77992,0.039301
0.77826,0.039269
0.77661,0.039236
0.77496,0.039203
0.77331,0.039171
0.77165,0.039138
0.77,0.039105
0.76835,0.039073
0.76669,0.03904
0.76504,0.039008
0.76339,0.038975
0.76174,0.038943
0.76008,0.03891
0.75843,0.038878
0.75678,0.038845
0.75513,0.038813
0.75347,0.03878
0.75182,0.038748
0.75017,0.038715
0.74852,0.038683
0.74686,0.03865
0.74521,0.038618
0.74356,0.038585
0.7419,0.038553
0.74025,0.038521
0.7386,0.038488
0.73695,0.038456
0.73529,0.038424
0.73364,0.038391
0.73199,0.038359
0.73034,0.038327
0.72868,0.038295
0.72703,0.038262
0.72538,0.03823
0.72373,0.038198
0.72207,0.038166
0.72042,0.038133
0.71877,0.038101
0.71711,0.038069
0.71546,0.038037
0.71381,0.038005
0.71216,0.037973
0.7105,0.03794
0.70885,0.037908
0.7072,0.037876
0.70555,0.037844
0.70389,0.037812
0.70224,0.03778
0.70059,0.037748
0.69894,0.037716
0.69728,0.037684
0.69563,0.037652
0.69398,0.03762
0.69232,0.037588
0.69067,0.037556
0.68902,0.037524
0.68737,0.037492
0.68571,0.03746
0.68406,0.037428
0.68241,0.037396
0.68076,0.037365
0.6791,0.037333
0.67745,0.037301
0.6758,0.037269
0.67415,0.037237
0.67249,0.037205
0.67084,0.037174
0.66919,0.037142
0.66754,0.03711
0.66588,0.037078
0.66423,0.037046
0.66258,0.037015
0.66092,0.036983
0.65927,0.036951
0.65762,0.03692
0.65597,0.036888
0.65431,0.036856
0.65266,0.036825
0.65101,0.036793
0.64936,0.036761
0.6477,0.03673
0.64605,0.036698
0.6444,0.036666
0.64275,0.036635
0.64109,0.036603
0.63944,0.036572
0.63779,0.03654
0.63613,0.036509
0.63448,0.036477
0.63283,0.036446
0.63118,0.036414
0.62952,0.036383
0.62787,0.036351
0.62622,0.03632
0.62457,0.036288
0.62291,0.036257
0.62126,0.036226
0.61961,0.036194
0.61796,0.036163
0.6163,0.036131
0.61465,0.0361
0.613,0.036069
0.61134,0.036037
0.60969,0.036006
0.60804,0.035975
0.60639,0.035943
0.60473,0.035912
0.60308,0.035881
0.60143,0.03585
0.59978,0.035818
0.59812,0.035787
0.59647,0.035756
0.59482,0.035725
0.59317,0.035694
0.59151,0.035662
0.58986,0.035631
0.58821,0.0356
0.58655,0.035569
0.5849,0.035538
0.58325,0.035507
0.5816,0.035476
0.57994,0.035445
0.57829,0.035413
0.57664,0.035382
0.57499,0.035351
0.57333,0.03532
0.57168,0.035289
0.57003,0.035258
0.56838,0.035227
0.56672,0.035196
0.56507,0.035165
0.56342,0.035134
0.56176,0.035103
0.56011,0.035072
0.55846,0.035041
0.55681,0.035011
0.55515,0.03498
0.5535,0.034949
0.55185,0.034918
0.5502,0.034887
0.54854,0.034856
0.54689,0.034825
0.54524,0.034795
0.54359,0.034764
0.54193,0.034733
0.54028,0.034702
0.53863,0.034671
0.53697,0.034641
0.53532,0.03461
0.53367,0.034579
0.53202,0.034548
0.53036,0.034518
0.52871,0.034487
0.52706,0.034456
0.52541,0.034425
0.52375,0.034395
0.5221,0.034364
0.52045,0.034333
0.5188,0.034303
0.51714,0.034272
0.51549,0.034242
0.51384,0.034211
0.51218,0.03418
0.51053,0.03415
0.50888,0.034119
0.50723,0.034089
0.50557,0.034058
0.50392,0.034028
0.50227,0.033997
0.50062,0.033967
0.49896,0.033936
0.49731,0.033906
0.49566,0.033875
0.49401,0.033845
0.49235,0.033814
0.4907,0.033784
0.48905,0.033753
0.48739,0.033723
0.48574,0.033692
0.48409,0.033662
0.48244,0.033632
0.48078,0.033601
0.47913,0.033571
0.47748,0.033541
0.47583,0.03351
0.47417,0.03348
0.47252,0.03345
0.47087,0.033419
0.46922,0.033389
0.46756,0.033359
0.46591,0.033328
0.46426,0.033298
0.46261,0.033268
0.46095,0.033238
0.4593,0.033208
0.45765,0.033177
0.45599,0.033147
0.45434,0.033117
0.45269,0.033087
0.45104,0.033057
0.44938,0.033026
0.44773,0.032996
0.44608,0.032966
0.44443,0.032936
0.44277,0.032906
0.44112,0.032876
0.43947,0.032846
0.43782,0.032816
0.43616,0.032785
0.43451,0.032755
0.43286,0.032725
0.4312,0.032695
0.42955,0.032665
0.4279,0.032635
0.42625,0.032605
0.42459,0.032575
0.42294,0.032545
0.42129,0.032515
0.41964,0.032485
0.41798,0.032455
0.41633,0.032425
0.41468,0.032395
0.41303,0.032366
0.41137,0.032336
0.40972,0.032306
0.40807,0.032276
0.40641,0.032246
0.40476,0.032216
0.40311,0.032186
0.40146,0.032156
0.3998,0.032126
0.39815,0.032097
0.3965,0.032067
0.39485,0.032037
0.39319,0.032007
0.39154,0.031977
0.38989,0.031948
0.38824,0.031918
0.38658,0.031888
0.38493,0.031858
0.38328,0.031829
0.38162,0.031799
0.37997,0.031769
0.37832,0.031739
0.37667,0.03171
0.37501,0.03168
0.37336,0.03165
0.37171,0.031621
0.37006,0.031591
0.3684,0.031561
0.36675,0.031532
0.3651,0.031502
0.36345,0.031472
0.36179,0.031443
0.36014,0.031413
0.35849,0.031384
0.35683,0.031354
0.35518,0.031324
0.35353,0.031295
0.35188,0.031265
0.35022,0.031236
0.34857,0.031206
0.34692,0.031177
0.34527,0.031147
0.34361,0.031118
0.34196,0.031088
0.34031,0.031059
0.33866,0.031029
0.337,0.031
0.33535,0.03097
0.3337,0.030941
0.33204,0.030911
0.33039,0.030882
0.32874,0.030852
0.32709,0.030823
0.32543,0.030794
0.32378,0.030764
0.32213,0.030735
0.32048,0.030705
0.31882,0.030676
0.31717,0.030647
0.31552,0.030617
0.31387,0.030588
0.31221,0.030559
0.31056,0.030529
0.30891,0.0305
0.30725,0.030471
0.3056,0.030441
0.30395,0.030412
0.3023,0.030383
0.30064,0.030354
0.29899,0.030324
0.29734,0.030295
0.29569,0.030266
0.29403,0.030236
0.29238,0.030207
0.29073,0.030178
0.28908,0.030149
0.28742,0.03012
0.28577,0.03009
0.28412,0.030061
0.28246,0.030032
0.28081,0.030003
0.27916,0.029974
0.27751,0.029944
0.27585,0.029915
0.2742,0.029886
0.27255,0.029857
0.2709,0.029828
0.26924,0.029799
0.26759,0.02977
0.26594,0.029741
0.26429,0.029711
0.26263,0.029682
0.26098,0.029653
0.25933,0.029624
0.25768,0.029595
0.25602,0.029566
0.25437,0.029537
0.25272,0.029508
0.25106,0.029479
0.24941,0.02945
0.24776,0.029421
0.24611,0.029392
0.24445,0.029363
0.2428,0.029334
0.24115,0.029305
0.2395,0.029276
0.23784,0.029247
0.23619,0.029218
0.23454,0.029189
0.23289,0.02916
0.23123,0.029131
0.22958,0.029102
0.22793,0.029073
0.22627,0.029044
0.22462,0.029016
0.22297,0.028987
0.22132,0.028958
0.21966,0.028929
0.21801,0.0289
0.21636,0.028871
0.21471,0.028842
0.21305,0.028813
0.2114,0.028784
0.20975,0.028756
0.2081,0.028727
0.20644,0.028698
0.20479,0.028669
0.20314,0.02864
0.20148,0.028612
0.19983,0.028583
0.19818,0.028554
0.19653,0.028525
0.19487,0.028496
0.19322,0.028468
0.19157,0.028439
0.18992,0.02841
0.18826,0.028381
0.18661,0.028353
0.18496,0.028324
0.18331,0.028295
0.18165,0.028266
0.18,0.028238
0.17835,0.028209
0.17669,0.02818
0.17504,0.028151
0.17339,0.028123
0.17174,0.028094
0.17008,0.028065
0.16843,0.028037
0.16678,0.028008
0.16513,0.027979
0.16347,0.027951
0.16182,0.027922
0.16017,0.027893
0.15852,0.027865
0.15686,0.027836
0.15521,0.027808
0.15356,0.027779
0.1519,0.02775
0.15025,0.027722
0.1486,0.027693
0.14695,0.027665
0.14529,0.027636
0.14364,0.027607
0.14199,0.027579
0.14034,0.02755
0.13868,0.027522
0.13703,0.027493
0.13538,0.027465
0.13373,0.027436
0.13207,0.027407
0.13042,0.027379
0.12877,0.02735
0.12711,0.027322
0.12546,0.027293
0.12381,0.027265
0.12216,0.027236
0.1205,0.027208
0.11885,0.027179
0.1172,0.027151
0.11555,0.027122
0.11389,0.027094
0.11224,0.027065
0.11059,0.027037
0.10894,0.027008
0.10728,0.02698
0.10563,0.026952
0.10398,0.026923
0.10232,0.026895
0.10067,0.026866
0.09902,0.026838
0.097367,0.026809
0.095714,0.026781
0.094062,0.026753
0.092409,0.026724
0.090756,0.026696
0.089104,0.026667
0.087451,0.026639
0.085798,0.026611
0.084146,0.026582
0.082493,0.026554
0.08084,0.026525
0.079188,0.026497
0.077535,0.026469
0.075882,0.02644
0.07423,0.026412
0.072577,0.026384
0.070924,0.026355
0.069272,0.026327
0.067619,0.026299
0.065966,0.02627
0.064314,0.026242
0.062661,0.026214
0.061008,0.026185
0.059356,0.026157
0.057703,0.026129
0.05605,0.0261
0.054398,0.026072
0.052745,0.026044
0.051092,0.026016
0.04944,0.025987
0.047787,0.025959
0.046134,0.025931
0.044482,0.025902
0.042829,0.025874
0.041176,0.025846
0.039524,0.025818
0.037871,0.025789
0.036218,0.025761
0.034566,0.025733
0.032913,0.025705
0.031261,0.025676
0.029608,0.025648
0.027955,0.02562
0.026303,0.025592
0.02465,0.025564
0.022997,0.025535
0.021345,0.025507
0.019692,0.025479
0.018039,0.025451
0.016387,0.025423
0.014734,0.025394
0.013081,0.025366
0.011429,0.025338
0.0097759,0.02531
0.0081232,0.025282
0.0064706,0.025254
0.0048179,0.025225
0.0031653,0.025197
0.0015126,0.025169
-0.00014006,0.025141
-0.0017927,0.025113
-0.0034454,0.025085
-0.005098,0.025056
-0.0067507,0.025028
-0.0084034,0.025
-0.010056,0.024972
-0.011709,0.024944
-0.013361,0.024916
-0.015014,0.024888
-0.016667,0.02486
-0.018319,0.024831
-0.019972,0.024803
-0.021625,0.024775
-0.023277,0.024747
-0.02493,0.024719
-0.026583,0.024691
-0.028235,0.024663
-0.029888,0.024635
-0.031541,0.024607
-0.033193,0.024579
-0.034846,0.02455
-0.036499,0.024522
-0.038151,0.024494
-0.039804,0.024466
-0.041457,0.024438
-0.043109,0.02441
-0.044762,0.024382
-0.046415,0.024354
-0.048067,0.024326
-0.04972,0.024298
-0.051373,0.02427
-0.053025,0.024242
-0.054678,0.024214
-0.056331,0.024186
-0.057983,0.024158
-0.059636,0.02413
-0.061289,0.024102
-0.062941,0.024074
-0.064594,0.024046
-0.066246,0.024018
-0.067899,0.02399
-0.069552,0.023962
-0.071204,0.023934
-0.072857,0.023906
-0.07451,0.023878
-0.076162,0.02385
-0.077815,0.023822
-0.079468,0.023794
-0.08112,0.023766
-0.082773,0.023738
-0.084426,0.02371
-0.086078,0.023682
-0.087731,0.023654
-0.089384,0.023626
-0.091036,0.023598
-0.092689,0.02357
-0.094342,0.023542
-0.095994,0.023514
-0.097647,0.023486
-0.0993,0.023458
-0.10095,0.02343
-0.10261,0.023402
-0.10426,0.023374
-0.10591,0.023346
-0.10756,0.023318
-0.10922,0.02329
-0.11087,0.023262
-0.11252,0.023234
-0.11417,0.023206
-0.11583,0.023178
-0.11748,0.02315
-0.11913,0.023123
-0.12078,0.023095
-0.12244,0.023067
-0.12409,0.023039
-0.12574,0.023011
-0.12739,0.022983
-0.12905,0.022955
-0.1307,0.022927
-0.13235,0.022899
-0.13401,0.022871
-0.13566,0.022843
-0.13731,0.022815
-0.13896,0.022788
-0.14062,0.02276
-0.14227,0.022732
-0.14392,0.022704
-0.14557,0.022676
-0.14723,0.022648
-0.14888,0.02262
-0.15053,0.022592
-0.15218,0.022564
-0.15384,0.022537
-0.15549,0.022509
-0.15714,0.022481
-0.1588,0.022453
-0.16045,0.022425
-0.1621,0.022397
-0.16375,0.022369
-0.16541,0.022341
-0.16706,0.022314
-0.16871,0.022286
-0.17036,0.022258
-0.17202,0.02223
-0.17367,0.022202
-0.17532,0.022174
-0.17697,0.022146
-0.17863,0.022119
-0.18028,0.022091
-0.18193,0.022063
-0.18359,0.022035
-0.18524,0.022007
-0.18689,0.021979
-0.18854,0.021952
-0.1902,0.021924
-0.19185,0.021896
-0.1935,0.021868
-0.19515,0.02184
-0.19681,0.021812
-0.19846,0.021785
-0.20011,0.021757
-0.20176,0.021729
-0.20342,0.021701
-0.20507,0.021673
-0.20672,0.021645
-0.20838,0.021618
-0.21003,0.02159
-0.21168,0.021562
-0.21333,0.021534
-0.21499,0.021506
-0.21664,0.021478
-0.21829,0.021451
-0.21994,0.021423
-0.2216,0.021395
-0.22325,0.021367
-0.2249,0.021339
-0.22655,0.021312
-0.22821,0.021284
-0.22986,0.021256
-0.23151,0.021228
-0.23317,0.0212
-0.23482,0.021173
-0.23647,0.021145
-0.23812,0.021117
-0.23978,0.021089
-0.24143,0.021062
-0.24308,0.021034
-0.24473,0.021006
-0.24639,0.020978
-0.24804,0.02095
-0.24969,0.020923
-0.25134,0.020895
-0.253,0.020867
-0.25465,0.020839
-0.2563,0.020812
-0.25796,0.020784
-0.25961,0.020756
-0.26126,0.020728
-0.26291,0.0207
-0.26457,0.020673
-0.26622,0.020645
-0.26787,0.020617
-0.26952,0.020589
-0.27118,0.020562
-0.27283,0.020534
-0.27448,0.020506
-0.27613,0.020478
-0.27779,0.020451
-0.27944,0.020423
-0.28109,0.020395
-0.28275,0.020367
-0.2844,0.02034
-0.28605,0.020312
-0.2877,0.020284
-0.28936,0.020256
-0.29101,0.020229
-0.29266,0.020201
-0.29431,0.020173
-0.29597,0.020145
-0.29762,0.020118
-0.29927,0.02009
-0.30092,0.020062
-0.30258,0.020035
-0.30423,0.020007
-0.30588,0.019979
-0.30754,0.019951
-0.30919,0.019924
-0.31084,0.019896
-0.31249,0.019868
-0.31415,0.01984
-0.3158,0.019813
-0.31745,0.019785
-0.3191,0.019757
-0.32076,0.01973
-0.32241,0.019702
-0.32406,0.019674
-0.32571,0.019646
-0.32737,0.019619
-0.32902,0.019591
-0.33067,0.019563
-0.33232,0.019536
-0.33398,0.019508
-0.33563,0.01948
-0.33728,0.019453
-0.33894,0.019425
-0.34059,0.019397
-0.34224,0.019369
-0.34389,0.019342
-0.34555,0.019314
-0.3472,0.019286
-0.34885,0.019259
-0.3505,0.019231
-0.35216,0.019203
-0.35381,0.019176
-0.35546,0.019148
-0.35711,0.01912
-0.35877,0.019093
-0.36042,0.019065
-0.36207,0.019037
-0.36373,0.01901
-0.36538,0.018982
-0.36703,0.018954
-0.36868,0.018927
-0.37034,0.018899
-0.37199,0.018871
-0.37364,0.018844
-0.37529,0.018816
-0.37695,0.018788
-0.3786,0.018761
-0.38025,0.018733
-0.3819,0.018705
-0.38356,0.018678
-0.38521,0.01865
-0.38686,0.018622
-0.38852,0.018595
-0.39017,0.018567
-0.39182,0.018539
-0.39347,0.018512
-0.39513,0.018484
-0.39678,0.018456
-0.39843,0.018429
-0.40008,0.018401
-0.40174,0.018373
-0.40339,0.018346
-0.40504,0.018318
-0.40669,0.018291
-0.40835,0.018263
-0.41,0.018235
-0.41165,0.018208
-0.41331,0.01818
-0.41496,0.018152
-0.41661,0.018125
-0.41826,0.018097
-0.41992,0.01807
-0.42157,0.018042
-0.42322,0.018014
-0.42487,0.017987
-0.42653,0.017959
-0.42818,0.017932
-0.42983,0.017904
-0.43148,0.017876
-0.43314,0.017849
-0.43479,0.017821
-0.43644,0.017794
-0.4381,0.017766
-0.43975,0.017738
-0.4414,0.017711
-0.44305,0.017683
-0.44471,0.017656
-0.44636,0.017628
-0.44801,0.0176
-0.44966,0.017573
-0.45132,0.017545
-0.45297,0.017518
-0.45462,0.01749
-0.45627,0.017463
-0.45793,0.017435
-0.45958,0.017407
-0.46123,0.01738
-0.46289,0.017352
-0.46454,0.017325
-0.46619,0.017297
-0.46784,0.01727
-0.4695,0.017242
-0.47115,0.017214
-0.4728,0.017187
-0.47445,0.017159
-0.47611,0.017132
-0.47776,0.017104
-0.47941,0.017077
-0.48106,0.017049
-0.48272,0.017022
-0.48437,0.016994
-0.48602,0.016967
-0.48768,0.016939
-0.48933,0.016912
-0.49098,0.016884
-0.49263,0.016857
-0.49429,0.016829
-0.49594,0.016802
-0.49759,0.016774
-0.49924,0.016746
-0.5009,0.016719
-0.50255,0.016691
-0.5042,0.016664
-0.50585,0.016636
-0.50751,0.016609
-0.50916,0.016582
-0.51081,0.016554
-0.51246,0.016527
-0.51412,0.016499
-0.51577,0.016472
-0.51742,0.016444
-0.51908,0.016417
-0.52073,0.016389
-0.52238,0.016362
-0.52403,0.016334
-0.52569,0.016307
-0.52734,0.016279
-0.52899,0.016252
-0.53064,0.016224
-0.5323,0.016197
-0.53395,0.01617
-0.5356,0.016142
-0.53725,0.016115
-0.53891,0.016087
-0.54056,0.01606
-0.54221,0.016032
-0.54387,0.016005
-0.54552,0.015978
-0.54717,0.01595
-0.54882,0.015923
-0.55048,0.015895
-0.55213,0.015868
-0.55378,0.01584
-0.55543,0.015813
-0.55709,0.015786
-0.55874,0.015758
-0.56039,0.015731
-0.56204,0.015704
-0.5637,0.015676
-0.56535,0.015649
-0.567,0.015621
-0.56866,0.015594
-0.57031,0.015567
-0.57196,0.015539
-0.57361,0.015512
-0.57527,0.015485
-0.57692,0.015457
-0.57857,0.01543
-0.58022,0.015403
-0.58188,0.015375
-0.58353,0.015348
-0.58518,0.015321
-0.58683,0.015293
-0.58849,0.015266
-0.59014,0.015239
-0.59179,0.015211
-0.59345,0.015184
-0.5951,0.015157
-0.59675,0.015129
-0.5984,0.015102
-0.60006,0.015075
-0.60171,0.015048
-0.60336,0.01502
-0.60501,0.014993
-0.60667,0.014966
-0.60832,0.014939
-0.60997,0.014911
-0.61162,0.014884
-0.61328,0.014857
-0.61493,0.01483
-0.61658,0.014802
-0.61824,0.014775
-0.61989,0.014748
-0.62154,0.014721
-0.62319,0.014693
-0.62485,0.014666
-0.6265,0.014639
-0.62815,0.014612
-0.6298,0.014585
-0.63146,0.014557
-0.63311,0.01453
-0.63476,0.014503
-0.63641,0.014476
-0.63807,0.014449
-0.63972,0.014421
-0.64137,0.014394
-0.64303,0.014367
-0.64468,0.01434
-0.64633,0.014313
-0.64798,0.014286
-0.64964,0.014259
-0.65129,0.014231
-0.65294,0.014204
-0.65459,0.014177
-0.65625,0.01415
-0.6579,0.014123
-0.65955,0.014096
-0.6612,0.014069
-0.66286,0.014042
-0.66451,0.014015
-0.66616,0.013988
-0.66782,0.013961
-0.66947,0.013933
-0.67112,0.013906
-0.67277,0.013879
-0.67443,0.013852
-0.67608,0.013825
-0.67773,0.013798
-0.67938,0.013771
-0.68104,0.013744
-0.68269,0.013717
-0.68434,0.01369
-0.68599,0.013663
-0.68765,0.013636
-0.6893,0.013609
-0.69095,0.013582
-0.69261,0.013555
-0.69426,0.013528
-0.69591,0.013501
-0.69756,0.013474
-0.69922,0.013448
-0.70087,0.013421
-0.70252,0.013394
-0.70417,0.013367
-0.70583,0.01334
-0.70748,0.013313
-0.70913,0.013286
-0.71078,0.013259
-0.71244,0.013232
-0.71409,0.013205
-0.71574,0.013178
-0.71739,0.013152
-0.71905,0.013125
-0.7207,0.013098
-0.72235,0.013071
-0.72401,0.013044
-0.72566,0.013017
-0.72731,0.012991
-0.72896,0.012964
-0.73062,0.012937
-0.73227,0.01291
-0.73392,0.012883
-0.73557,0.012857
-0.73723,0.01283
-0.73888,0.012803
-0.74053,0.012776
-0.74218,0.01275
-0.74384,0.012723
-0.74549,0.012696
-0.74714,0.012669
-0.7488,0.012643
-0.75045,0.012616
-0.7521,0.012589
-0.75375,0.012563
-0.75541,0.012536
-0.75706,0.012509
-0.75871,0.012483
-0.76036,0.012456
-0.76202,0.012429
-0.76367,0.012403
-0.76532,0.012376
-0.76697,0.012349
-0.76863,0.012323
-0.77028,0.012296
-0.77193,0.01227
-0.77359,0.012243
-0.77524,0.012216
-0.77689,0.01219
-0.77854,0.012163
-0.7802,0.012137
-0.78185,0.01211
-0.7835,0.012084
-0.78515,0.012057
-0.78681,0.012031
-0.78846,0.012004
-0.79011,0.011978
-0.79176,0.011951
-0.79342,0.011925
-0.79507,0.011898
-0.79672,0.011872
-0.79838,0.011845
-0.80003,0.011819
-0.80168,0.011792
-0.80333,0.011766
-0.80499,0.011739
-0.80664,0.011713
-0.80829,0.011687
-0.80994,0.01166
-0.8116,0.011634
-0.81325,0.011608
-0.8149,0.011581
-0.81655,0.011555
-0.81821,0.011528
-0.81986,0.011502
-0.82151,0.011476
-0.82317,0.011449
-0.82482,0.011423
-0.82647,0.011397
-0.82812,0.011371
-0.82978,0.011344
-0.83143,0.011318
-0.83308,0.011292
-0.83473,0.011266
-0.83639,0.011239
-0.83804,0.011213
-0.83969,0.011187
-0.84134,0.011161
-0.843,0.011135
-0.84465,0.011108
-0.8463,0.011082
-0.84796,0.011056
-0.84961,0.01103
-0.85126,0.011004
-0.85291,0.010978
-0.85457,0.010952
-0.85622,0.010925
-0.85787,0.010899
-0.85952,0.010873
-0.86118,0.010847
-0.86283,0.010821
-0.86448,0.010795
-0.86613,0.010769
-0.86779,0.010743
-0.86944,0.010717
-0.87109,0.010691
-0.87275,0.010665
-0.8744,0.010639
-0.87605,0.010613
-0.8777,0.010587
-0.87936,0.010561
-0.88101,0.010535
-0.88266,0.010509
-0.88431,0.010483
-0.88597,0.010457
-0.88762,0.010431
-0.88927,0.010405
-0.89092,0.01038
-0.89258,0.010354
-0.89423,0.010328
-0.89588,0.010302
-0.89754,0.010276
-0.89919,0.01025
-0.90084,0.010224
-0.90249,0.010199
-0.90415,0.010173
-0.9058,0.010147
-0.90745,0.010121
-0.9091,0.010095
-0.91076,0.01007
-0.91241,0.010044
-0.91406,0.010018
-0.91571,0.0099925
-0.91737,0.0099667
-0.91902,0.009941
-0.92067,0.0099153
-0.92232,0.0098897
-0.92398,0.009864
-0.92563,0.0098383
-0.92728,0.0098127
-0.92894,0.009787
-0.93059,0.0097614
-0.93224,0.0097358
-0.93389,0.0097101
-0.93555,0.0096845
-0.9372,0.0096589
-0.93885,0.0096334
-0.9405,0.0096078
-0.94216,0.0095822
-0.94381,0.0095567
-0.94546,0.0095311
-0.94711,0.0095056
-0.94877,0.0094801
-0.95042,0.0094546
-0.95207,0.0094291
-0.95373,0.0094036
-0.95538,0.0093781
-0.95703,0.0093526
-0.95868,0.0093272
-0.96034,0.0093017
-0.96199,0.0092763
-0.96364,0.0092509
-0.96529,0.0092255
-0.96695,0.0092
-0.9686,0.0091746
-0.97025,0.0091493
-0.9719,0.0091239
-0.97356,0.0090985
-0.97521,0.0090731
-0.97686,0.0090478
-0.97852,0.0090225
-0.98017,0.0089971
-0.98182,0.0089718
-0.98347,0.0089465
-0.98513,0.0089212
-0.98678,0.0088959
-0.98843,0.0088706
-0.99008,0.0088453
-0.99174,0.0088201
-0.99339,0.0087948
-0.99504,0.0087696
-0.99669,0.0087443
