theta,J(theta)3.1183,0.21055
3.1165,0.22453
3.1146,0.23994
3.1128,0.25699
3.1109,0.27594
3.1091,0.29711
3.1072,0.32089
3.1054,0.34774
3.1035,0.37826
3.1017,0.41316
3.0998,0.45335
3.098,0.4999
3.0961,0.55413
3.0943,0.61754
3.0924,0.69167
3.0906,0.77762
3.0887,0.87502
3.0869,0.97991
3.085,1.0818
3.0832,1.1626
3.0813,1.2018
3.0795,1.1892
3.0776,1.1324
3.0758,1.05
3.0739,0.9599
3.0721,0.87329
3.0702,0.79503
3.0684,0.72634
3.0665,0.66677
3.0647,0.61525
3.0628,0.57062
3.061,0.53179
3.0591,0.49784
3.0573,0.46797
3.0554,0.44156
3.0536,0.41807
3.0517,0.39707
3.0499,0.3782
3.048,0.36117
3.0462,0.34573
3.0443,0.33168
3.0425,0.31883
3.0406,0.30706
3.0388,0.29623
3.0369,0.28624
3.0351,0.277
3.0332,0.26843
3.0314,0.26046
3.0295,0.25303
3.0277,0.2461
3.0258,0.2396
3.024,0.23352
3.0221,0.2278
3.0203,0.22242
3.0184,0.21735
3.0166,0.21256
3.0147,0.20804
3.0129,0.20376
3.011,0.1997
3.0092,0.19585
3.0073,0.19219
3.0055,0.18871
3.0036,0.1854
3.0018,0.18224
2.9999,0.17923
2.9981,0.17635
2.9962,0.1736
2.9944,0.17097
2.9925,0.16845
2.9907,0.16604
2.9888,0.16372
2.987,0.1615
2.9851,0.15937
2.9833,0.15732
2.9814,0.15535
2.9796,0.15346
2.9777,0.15163
2.9759,0.14987
2.974,0.14818
2.9722,0.14654
2.9703,0.14497
2.9685,0.14344
2.9666,0.14197
2.9648,0.14055
2.9629,0.13917
2.9611,0.13785
2.9592,0.13656
2.9574,0.13531
2.9555,0.13411
2.9537,0.13294
2.9518,0.1318
2.95,0.1307
2.9481,0.12964
2.9463,0.1286
2.9444,0.1276
2.9426,0.12662
2.9407,0.12567
2.9389,0.12475
2.937,0.12385
2.9352,0.12298
2.9333,0.12213
2.9315,0.12131
2.9296,0.12051
2.9278,0.11972
2.9259,0.11896
2.9241,0.11822
2.9222,0.1175
2.9204,0.11679
2.9186,0.11611
2.9167,0.11544
2.9149,0.11478
2.913,0.11414
2.9112,0.11352
2.9093,0.11291
2.9075,0.11232
2.9056,0.11174
2.9038,0.11117
2.9019,0.11062
2.9001,0.11008
2.8982,0.10955
2.8964,0.10903
2.8945,0.10853
2.8927,0.10803
2.8908,0.10755
2.889,0.10708
2.8871,0.10661
2.8853,0.10616
2.8834,0.10572
2.8816,0.10528
2.8797,0.10486
2.8779,0.10444
2.876,0.10403
2.8742,0.10363
2.8723,0.10324
2.8705,0.10285
2.8686,0.10247
2.8668,0.1021
2.8649,0.10174
2.8631,0.10139
2.8612,0.10104
2.8594,0.10069
2.8575,0.10036
2.8557,0.10003
2.8538,0.099702
2.852,0.099384
2.8501,0.099072
2.8483,0.098765
2.8464,0.098463
2.8446,0.098167
2.8427,0.097876
2.8409,0.09759
2.839,0.097309
2.8372,0.097033
2.8353,0.096762
2.8335,0.096495
2.8316,0.096232
2.8298,0.095974
2.8279,0.09572
2.8261,0.09547
2.8242,0.095225
2.8224,0.094983
2.8205,0.094745
2.8187,0.094511
2.8168,0.094281
2.815,0.094054
2.8131,0.09383
2.8113,0.09361
2.8094,0.093394
2.8076,0.093181
2.8057,0.092971
2.8039,0.092764
2.802,0.09256
2.8002,0.092359
2.7983,0.092161
2.7965,0.091966
2.7946,0.091774
2.7928,0.091584
2.7909,0.091398
2.7891,0.091213
2.7872,0.091032
2.7854,0.090853
2.7835,0.090676
2.7817,0.090502
2.7798,0.09033
2.778,0.090161
2.7761,0.089994
2.7743,0.089829
2.7724,0.089666
2.7706,0.089505
2.7687,0.089347
2.7669,0.08919
2.765,0.089036
2.7632,0.088883
2.7613,0.088733
2.7595,0.088584
2.7576,0.088437
2.7558,0.088292
2.7539,0.088149
2.7521,0.088007
2.7502,0.087867
2.7484,0.087729
2.7465,0.087593
2.7447,0.087458
2.7428,0.087325
2.741,0.087193
2.7391,0.087063
2.7373,0.086934
2.7354,0.086807
2.7336,0.086681
2.7317,0.086557
2.7299,0.086434
2.728,0.086312
2.7262,0.086192
2.7243,0.086073
2.7225,0.085955
2.7206,0.085839
2.7188,0.085724
2.717,0.08561
2.7151,0.085497
2.7133,0.085386
2.7114,0.085276
2.7096,0.085166
2.7077,0.085058
2.7059,0.084951
2.704,0.084845
2.7022,0.08474
2.7003,0.084637
2.6985,0.084534
2.6966,0.084432
2.6948,0.084331
2.6929,0.084231
2.6911,0.084132
2.6892,0.084035
2.6874,0.083938
2.6855,0.083841
2.6837,0.083746
2.6818,0.083652
2.68,0.083558
2.6781,0.083466
2.6763,0.083374
2.6744,0.083283
2.6726,0.083193
2.6707,0.083103
2.6689,0.083015
2.667,0.082927
2.6652,0.08284
2.6633,0.082753
2.6615,0.082668
2.6596,0.082583
2.6578,0.082499
2.6559,0.082415
2.6541,0.082332
2.6522,0.08225
2.6504,0.082169
2.6485,0.082088
2.6467,0.082008
2.6448,0.081928
2.643,0.081849
2.6411,0.081771
2.6393,0.081693
2.6374,0.081616
2.6356,0.081539
2.6337,0.081463
2.6319,0.081388
2.63,0.081313
2.6282,0.081239
2.6263,0.081165
2.6245,0.081092
2.6226,0.081019
2.6208,0.080947
2.6189,0.080875
2.6171,0.080804
2.6152,0.080733
2.6134,0.080663
2.6115,0.080593
2.6097,0.080524
2.6078,0.080455
2.606,0.080386
2.6041,0.080318
2.6023,0.080251
2.6004,0.080184
2.5986,0.080117
2.5967,0.080051
2.5949,0.079985
2.593,0.079919
2.5912,0.079854
2.5893,0.07979
2.5875,0.079725
2.5856,0.079661
2.5838,0.079598
2.5819,0.079535
2.5801,0.079472
2.5782,0.07941
2.5764,0.079348
2.5745,0.079286
2.5727,0.079224
2.5708,0.079163
2.569,0.079103
2.5671,0.079042
2.5653,0.078982
2.5634,0.078923
2.5616,0.078863
2.5597,0.078804
2.5579,0.078745
2.556,0.078687
2.5542,0.078629
2.5523,0.078571
2.5505,0.078513
2.5486,0.078456
2.5468,0.078399
2.5449,0.078342
2.5431,0.078285
2.5412,0.078229
2.5394,0.078173
2.5375,0.078118
2.5357,0.078062
2.5338,0.078007
2.532,0.077952
2.5301,0.077897
2.5283,0.077843
2.5264,0.077788
2.5246,0.077734
2.5227,0.077681
2.5209,0.077627
2.5191,0.077574
2.5172,0.077521
2.5154,0.077468
2.5135,0.077415
2.5117,0.077363
2.5098,0.07731
2.508,0.077258
2.5061,0.077206
2.5043,0.077155
2.5024,0.077103
2.5006,0.077052
2.4987,0.077001
2.4969,0.07695
2.495,0.076899
2.4932,0.076849
2.4913,0.076799
2.4895,0.076748
2.4876,0.076699
2.4858,0.076649
2.4839,0.076599
2.4821,0.07655
2.4802,0.0765
2.4784,0.076451
2.4765,0.076402
2.4747,0.076353
2.4728,0.076305
2.471,0.076256
2.4691,0.076208
2.4673,0.07616
2.4654,0.076112
2.4636,0.076064
2.4617,0.076016
2.4599,0.075968
2.458,0.075921
2.4562,0.075873
2.4543,0.075826
2.4525,0.075779
2.4506,0.075732
2.4488,0.075685
2.4469,0.075638
2.4451,0.075592
2.4432,0.075545
2.4414,0.075499
2.4395,0.075453
2.4377,0.075407
2.4358,0.075361
2.434,0.075315
2.4321,0.075269
2.4303,0.075223
2.4284,0.075178
2.4266,0.075132
2.4247,0.075087
2.4229,0.075042
2.421,0.074997
2.4192,0.074952
2.4173,0.074907
2.4155,0.074862
2.4136,0.074817
2.4118,0.074773
2.4099,0.074728
2.4081,0.074684
2.4062,0.074639
2.4044,0.074595
2.4025,0.074551
2.4007,0.074507
2.3988,0.074463
2.397,0.074419
2.3951,0.074375
2.3933,0.074331
2.3914,0.074288
2.3896,0.074244
2.3877,0.0742
2.3859,0.074157
2.384,0.074114
2.3822,0.07407
2.3803,0.074027
2.3785,0.073984
2.3766,0.073941
2.3748,0.073898
2.3729,0.073855
2.3711,0.073812
2.3692,0.073769
2.3674,0.073727
2.3655,0.073684
2.3637,0.073641
2.3618,0.073599
2.36,0.073556
2.3581,0.073514
2.3563,0.073472
2.3544,0.073429
2.3526,0.073387
2.3507,0.073345
2.3489,0.073303
2.347,0.073261
2.3452,0.073219
2.3433,0.073177
2.3415,0.073135
2.3396,0.073093
2.3378,0.073051
2.3359,0.073009
2.3341,0.072968
2.3322,0.072926
2.3304,0.072884
2.3285,0.072843
2.3267,0.072801
2.3248,0.07276
2.323,0.072718
2.3211,0.072677
2.3193,0.072636
2.3175,0.072594
2.3156,0.072553
2.3138,0.072512
2.3119,0.072471
2.3101,0.072429
2.3082,0.072388
2.3064,0.072347
2.3045,0.072306
2.3027,0.072265
2.3008,0.072224
2.299,0.072183
2.2971,0.072143
2.2953,0.072102
2.2934,0.072061
2.2916,0.07202
2.2897,0.071979
2.2879,0.071939
2.286,0.071898
2.2842,0.071857
2.2823,0.071817
2.2805,0.071776
2.2786,0.071735
2.2768,0.071695
2.2749,0.071654
2.2731,0.071614
2.2712,0.071573
2.2694,0.071533
2.2675,0.071493
2.2657,0.071452
2.2638,0.071412
2.262,0.071371
2.2601,0.071331
2.2583,0.071291
2.2564,0.07125
2.2546,0.07121
2.2527,0.07117
2.2509,0.07113
2.249,0.07109
2.2472,0.071049
2.2453,0.071009
2.2435,0.070969
2.2416,0.070929
2.2398,0.070889
2.2379,0.070849
2.2361,0.070809
2.2342,0.070769
2.2324,0.070729
2.2305,0.070689
2.2287,0.070649
2.2268,0.070609
2.225,0.070569
2.2231,0.070529
2.2213,0.070489
2.2194,0.070449
2.2176,0.070409
2.2157,0.070369
2.2139,0.070329
2.212,0.070289
2.2102,0.070249
2.2083,0.07021
2.2065,0.07017
2.2046,0.07013
2.2028,0.07009
2.2009,0.07005
2.1991,0.07001
2.1972,0.069971
2.1954,0.069931
2.1935,0.069891
2.1917,0.069851
2.1898,0.069812
2.188,0.069772
2.1861,0.069732
2.1843,0.069692
2.1824,0.069653
2.1806,0.069613
2.1787,0.069573
2.1769,0.069533
2.175,0.069494
2.1732,0.069454
2.1713,0.069414
2.1695,0.069375
2.1676,0.069335
2.1658,0.069295
2.1639,0.069256
2.1621,0.069216
2.1602,0.069176
2.1584,0.069137
2.1565,0.069097
2.1547,0.069057
2.1528,0.069018
2.151,0.068978
2.1491,0.068938
2.1473,0.068899
2.1454,0.068859
2.1436,0.068819
2.1417,0.06878
2.1399,0.06874
2.138,0.0687
2.1362,0.068661
2.1343,0.068621
2.1325,0.068581
2.1306,0.068542
2.1288,0.068502
2.1269,0.068463
2.1251,0.068423
2.1232,0.068383
2.1214,0.068344
2.1195,0.068304
2.1177,0.068264
2.1159,0.068225
2.114,0.068185
2.1122,0.068145
2.1103,0.068106
2.1085,0.068066
2.1066,0.068026
2.1048,0.067987
2.1029,0.067947
2.1011,0.067907
2.0992,0.067868
2.0974,0.067828
2.0955,0.067788
2.0937,0.067749
2.0918,0.067709
2.09,0.067669
2.0881,0.06763
2.0863,0.06759
2.0844,0.06755
2.0826,0.067511
2.0807,0.067471
2.0789,0.067431
2.077,0.067392
2.0752,0.067352
2.0733,0.067312
2.0715,0.067272
2.0696,0.067233
2.0678,0.067193
2.0659,0.067153
2.0641,0.067114
2.0622,0.067074
2.0604,0.067034
2.0585,0.066994
2.0567,0.066955
2.0548,0.066915
2.053,0.066875
2.0511,0.066835
2.0493,0.066795
2.0474,0.066756
2.0456,0.066716
2.0437,0.066676
2.0419,0.066636
2.04,0.066596
2.0382,0.066557
2.0363,0.066517
2.0345,0.066477
2.0326,0.066437
2.0308,0.066397
2.0289,0.066357
2.0271,0.066318
2.0252,0.066278
2.0234,0.066238
2.0215,0.066198
2.0197,0.066158
2.0178,0.066118
2.016,0.066078
2.0141,0.066038
2.0123,0.065999
2.0104,0.065959
2.0086,0.065919
2.0067,0.065879
2.0049,0.065839
2.003,0.065799
2.0012,0.065759
1.9993,0.065719
1.9975,0.065679
1.9956,0.065639
1.9938,0.065599
1.9919,0.065559
1.9901,0.065519
1.9882,0.065479
1.9864,0.065439
1.9845,0.065399
1.9827,0.065359
1.9808,0.065319
1.979,0.065279
1.9771,0.065239
1.9753,0.065199
1.9734,0.065158
1.9716,0.065118
1.9697,0.065078
1.9679,0.065038
1.966,0.064998
1.9642,0.064958
1.9623,0.064918
1.9605,0.064878
1.9586,0.064838
1.9568,0.064797
1.9549,0.064757
1.9531,0.064717
1.9512,0.064677
1.9494,0.064637
1.9475,0.064596
1.9457,0.064556
1.9438,0.064516
1.942,0.064476
1.9401,0.064436
1.9383,0.064395
1.9364,0.064355
1.9346,0.064315
1.9327,0.064275
1.9309,0.064234
1.929,0.064194
1.9272,0.064154
1.9253,0.064113
1.9235,0.064073
1.9216,0.064033
1.9198,0.063992
1.9179,0.063952
1.9161,0.063912
1.9143,0.063871
1.9124,0.063831
1.9106,0.063791
1.9087,0.06375
1.9069,0.06371
1.905,0.063669
1.9032,0.063629
1.9013,0.063589
1.8995,0.063548
1.8976,0.063508
1.8958,0.063467
1.8939,0.063427
1.8921,0.063386
1.8902,0.063346
1.8884,0.063305
1.8865,0.063265
1.8847,0.063224
1.8828,0.063184
1.881,0.063143
1.8791,0.063103
1.8773,0.063062
1.8754,0.063022
1.8736,0.062981
1.8717,0.062941
1.8699,0.0629
1.868,0.062859
1.8662,0.062819
1.8643,0.062778
1.8625,0.062738
1.8606,0.062697
1.8588,0.062656
1.8569,0.062616
1.8551,0.062575
1.8532,0.062534
1.8514,0.062494
1.8495,0.062453
1.8477,0.062412
1.8458,0.062372
1.844,0.062331
1.8421,0.06229
1.8403,0.06225
1.8384,0.062209
1.8366,0.062168
1.8347,0.062128
1.8329,0.062087
1.831,0.062046
1.8292,0.062005
1.8273,0.061965
1.8255,0.061924
1.8236,0.061883
1.8218,0.061842
1.8199,0.061801
1.8181,0.061761
1.8162,0.06172
1.8144,0.061679
1.8125,0.061638
1.8107,0.061597
1.8088,0.061556
1.807,0.061516
1.8051,0.061475
1.8033,0.061434
1.8014,0.061393
1.7996,0.061352
1.7977,0.061311
1.7959,0.06127
1.794,0.061229
1.7922,0.061189
1.7903,0.061148
1.7885,0.061107
1.7866,0.061066
1.7848,0.061025
1.7829,0.060984
1.7811,0.060943
1.7792,0.060902
1.7774,0.060861
1.7755,0.06082
1.7737,0.060779
1.7718,0.060738
1.77,0.060697
1.7681,0.060656
1.7663,0.060615
1.7644,0.060574
1.7626,0.060533
1.7607,0.060492
1.7589,0.060451
1.757,0.06041
1.7552,0.060369
1.7533,0.060328
1.7515,0.060287
1.7496,0.060246
1.7478,0.060205
1.7459,0.060163
1.7441,0.060122
1.7422,0.060081
1.7404,0.06004
1.7385,0.059999
1.7367,0.059958
1.7348,0.059917
1.733,0.059876
1.7311,0.059835
1.7293,0.059793
1.7274,0.059752
1.7256,0.059711
1.7237,0.05967
1.7219,0.059629
1.72,0.059588
1.7182,0.059547
1.7163,0.059505
1.7145,0.059464
1.7127,0.059423
1.7108,0.059382
1.709,0.059341
1.7071,0.059299
1.7053,0.059258
1.7034,0.059217
1.7016,0.059176
1.6997,0.059135
1.6979,0.059093
1.696,0.059052
1.6942,0.059011
1.6923,0.05897
1.6905,0.058928
1.6886,0.058887
1.6868,0.058846
1.6849,0.058805
1.6831,0.058763
1.6812,0.058722
1.6794,0.058681
1.6775,0.05864
1.6757,0.058598
1.6738,0.058557
1.672,0.058516
1.6701,0.058474
1.6683,0.058433
1.6664,0.058392
1.6646,0.058351
1.6627,0.058309
1.6609,0.058268
1.659,0.058227
1.6572,0.058185
1.6553,0.058144
1.6535,0.058103
1.6516,0.058061
1.6498,0.05802
1.6479,0.057979
1.6461,0.057937
1.6442,0.057896
1.6424,0.057855
1.6405,0.057813
1.6387,0.057772
1.6368,0.057731
1.635,0.057689
1.6331,0.057648
1.6313,0.057607
1.6294,0.057565
1.6276,0.057524
1.6257,0.057483
1.6239,0.057441
1.622,0.0574
1.6202,0.057358
1.6183,0.057317
1.6165,0.057276
1.6146,0.057234
1.6128,0.057193
1.6109,0.057152
1.6091,0.05711
1.6072,0.057069
1.6054,0.057027
1.6035,0.056986
1.6017,0.056945
1.5998,0.056903
1.598,0.056862
1.5961,0.05682
1.5943,0.056779
1.5924,0.056738
1.5906,0.056696
1.5887,0.056655
1.5869,0.056614
1.585,0.056572
1.5832,0.056531
1.5813,0.056489
1.5795,0.056448
1.5776,0.056407
1.5758,0.056365
1.5739,0.056324
1.5721,0.056282
1.5702,0.056241
1.5684,0.0562
1.5665,0.056158
1.5647,0.056117
1.5628,0.056075
1.561,0.056034
1.5591,0.055992
1.5573,0.055951
1.5554,0.05591
1.5536,0.055868
1.5517,0.055827
1.5499,0.055785
1.548,0.055744
1.5462,0.055703
1.5443,0.055661
1.5425,0.05562
1.5406,0.055578
1.5388,0.055537
1.5369,0.055496
1.5351,0.055454
1.5332,0.055413
1.5314,0.055371
1.5295,0.05533
1.5277,0.055289
1.5258,0.055247
1.524,0.055206
1.5221,0.055165
1.5203,0.055123
1.5184,0.055082
1.5166,0.05504
1.5147,0.054999
1.5129,0.054958
1.5111,0.054916
1.5092,0.054875
1.5074,0.054833
1.5055,0.054792
1.5037,0.054751
1.5018,0.054709
1.5,0.054668
1.4981,0.054627
1.4963,0.054585
1.4944,0.054544
1.4926,0.054503
1.4907,0.054461
1.4889,0.05442
1.487,0.054379
1.4852,0.054337
1.4833,0.054296
1.4815,0.054254
1.4796,0.054213
1.4778,0.054172
1.4759,0.05413
1.4741,0.054089
1.4722,0.054048
1.4704,0.054007
1.4685,0.053965
1.4667,0.053924
1.4648,0.053883
1.463,0.053841
1.4611,0.0538
1.4593,0.053759
1.4574,0.053717
1.4556,0.053676
1.4537,0.053635
1.4519,0.053594
1.45,0.053552
1.4482,0.053511
1.4463,0.05347
1.4445,0.053428
1.4426,0.053387
1.4408,0.053346
1.4389,0.053305
1.4371,0.053263
1.4352,0.053222
1.4334,0.053181
1.4315,0.05314
1.4297,0.053098
1.4278,0.053057
1.426,0.053016
1.4241,0.052975
1.4223,0.052934
1.4204,0.052892
1.4186,0.052851
1.4167,0.05281
1.4149,0.052769
1.413,0.052728
1.4112,0.052686
1.4093,0.052645
1.4075,0.052604
1.4056,0.052563
1.4038,0.052522
1.4019,0.052481
1.4001,0.052439
1.3982,0.052398
1.3964,0.052357
1.3945,0.052316
1.3927,0.052275
1.3908,0.052234
1.389,0.052193
1.3871,0.052152
1.3853,0.052111
1.3834,0.052069
1.3816,0.052028
1.3797,0.051987
1.3779,0.051946
1.376,0.051905
1.3742,0.051864
1.3723,0.051823
1.3705,0.051782
1.3686,0.051741
1.3668,0.0517
1.3649,0.051659
1.3631,0.051618
1.3612,0.051577
1.3594,0.051536
1.3575,0.051495
1.3557,0.051454
1.3538,0.051413
1.352,0.051372
1.3501,0.051331
1.3483,0.05129
1.3464,0.051249
1.3446,0.051208
1.3427,0.051167
1.3409,0.051126
1.339,0.051085
1.3372,0.051045
1.3353,0.051004
1.3335,0.050963
1.3316,0.050922
1.3298,0.050881
1.3279,0.05084
1.3261,0.050799
1.3242,0.050758
1.3224,0.050718
1.3205,0.050677
1.3187,0.050636
1.3168,0.050595
1.315,0.050554
1.3132,0.050514
1.3113,0.050473
1.3095,0.050432
1.3076,0.050391
1.3058,0.05035
1.3039,0.05031
1.3021,0.050269
1.3002,0.050228
1.2984,0.050187
1.2965,0.050147
1.2947,0.050106
1.2928,0.050065
1.291,0.050025
1.2891,0.049984
1.2873,0.049943
1.2854,0.049903
1.2836,0.049862
1.2817,0.049821
1.2799,0.049781
1.278,0.04974
1.2762,0.0497
1.2743,0.049659
1.2725,0.049618
1.2706,0.049578
1.2688,0.049537
1.2669,0.049497
1.2651,0.049456
1.2632,0.049416
1.2614,0.049375
1.2595,0.049335
1.2577,0.049294
1.2558,0.049254
1.254,0.049213
1.2521,0.049173
1.2503,0.049132
1.2484,0.049092
1.2466,0.049051
1.2447,0.049011
1.2429,0.04897
1.241,0.04893
1.2392,0.04889
1.2373,0.048849
1.2355,0.048809
1.2336,0.048768
1.2318,0.048728
1.2299,0.048688
1.2281,0.048647
1.2262,0.048607
1.2244,0.048567
1.2225,0.048526
1.2207,0.048486
1.2188,0.048446
1.217,0.048406
1.2151,0.048365
1.2133,0.048325
1.2114,0.048285
1.2096,0.048245
1.2077,0.048205
1.2059,0.048164
1.204,0.048124
1.2022,0.048084
1.2003,0.048044
1.1985,0.048004
1.1966,0.047964
1.1948,0.047923
1.1929,0.047883
1.1911,0.047843
1.1892,0.047803
1.1874,0.047763
1.1855,0.047723
1.1837,0.047683
1.1818,0.047643
1.18,0.047603
1.1781,0.047563
1.1763,0.047523
1.1744,0.047483
1.1726,0.047443
1.1707,0.047403
1.1689,0.047363
1.167,0.047323
1.1652,0.047283
1.1633,0.047243
1.1615,0.047203
1.1596,0.047164
1.1578,0.047124
1.1559,0.047084
1.1541,0.047044
1.1522,0.047004
1.1504,0.046964
1.1485,0.046925
1.1467,0.046885
1.1448,0.046845
1.143,0.046805
1.1411,0.046766
1.1393,0.046726
1.1374,0.046686
1.1356,0.046646
1.1337,0.046607
1.1319,0.046567
1.13,0.046527
1.1282,0.046488
1.1263,0.046448
1.1245,0.046409
1.1226,0.046369
1.1208,0.046329
1.1189,0.04629
1.1171,0.04625
1.1152,0.046211
1.1134,0.046171
1.1116,0.046132
1.1097,0.046092
1.1079,0.046053
1.106,0.046013
1.1042,0.045974
1.1023,0.045934
1.1005,0.045895
1.0986,0.045855
1.0968,0.045816
1.0949,0.045777
1.0931,0.045737
1.0912,0.045698
1.0894,0.045658
1.0875,0.045619
1.0857,0.04558
1.0838,0.045541
1.082,0.045501
1.0801,0.045462
1.0783,0.045423
1.0764,0.045383
1.0746,0.045344
1.0727,0.045305
1.0709,0.045266
1.069,0.045227
1.0672,0.045187
1.0653,0.045148
1.0635,0.045109
1.0616,0.04507
1.0598,0.045031
1.0579,0.044992
1.0561,0.044953
1.0542,0.044914
1.0524,0.044875
1.0505,0.044836
1.0487,0.044797
1.0468,0.044758
1.045,0.044719
1.0431,0.04468
1.0413,0.044641
1.0394,0.044602
1.0376,0.044563
1.0357,0.044524
1.0339,0.044485
1.032,0.044446
1.0302,0.044407
1.0283,0.044368
1.0265,0.04433
1.0246,0.044291
1.0228,0.044252
1.0209,0.044213
1.0191,0.044174
1.0172,0.044136
1.0154,0.044097
1.0135,0.044058
1.0117,0.04402
1.0098,0.043981
1.008,0.043942
1.0061,0.043904
1.0043,0.043865
1.0024,0.043826
1.0006,0.043788
0.99873,0.043749
0.99688,0.04371
0.99503,0.043672
0.99318,0.043633
0.99133,0.043595
0.98948,0.043556
0.98763,0.043518
0.98578,0.043479
0.98393,0.043441
0.98208,0.043402
0.98023,0.043364
0.97838,0.043326
0.97653,0.043287
0.97468,0.043249
0.97283,0.04321
0.97099,0.043172
0.96914,0.043134
0.96729,0.043095
0.96544,0.043057
0.96359,0.043019
0.96174,0.042981
0.95989,0.042942
0.95804,0.042904
0.95619,0.042866
0.95434,0.042828
0.95249,0.04279
0.95064,0.042751
0.94879,0.042713
0.94694,0.042675
0.94509,0.042637
0.94324,0.042599
0.94139,0.042561
0.93954,0.042523
0.93769,0.042485
0.93584,0.042447
0.93399,0.042409
0.93214,0.042371
0.9303,0.042333
0.92845,0.042295
0.9266,0.042257
0.92475,0.042219
0.9229,0.042181
0.92105,0.042143
0.9192,0.042105
0.91735,0.042067
0.9155,0.042029
0.91365,0.041992
0.9118,0.041954
0.90995,0.041916
0.9081,0.041878
0.90625,0.04184
0.9044,0.041803
0.90255,0.041765
0.9007,0.041727
0.89885,0.041689
0.897,0.041652
0.89515,0.041614
0.8933,0.041576
0.89145,0.041539
0.88961,0.041501
0.88776,0.041464
0.88591,0.041426
0.88406,0.041388
0.88221,0.041351
0.88036,0.041313
0.87851,0.041276
0.87666,0.041238
0.87481,0.041201
0.87296,0.041163
0.87111,0.041126
0.86926,0.041089
0.86741,0.041051
0.86556,0.041014
0.86371,0.040976
0.86186,0.040939
0.86001,0.040902
0.85816,0.040864
0.85631,0.040827
0.85446,0.04079
0.85261,0.040753
0.85077,0.040715
0.84892,0.040678
0.84707,0.040641
0.84522,0.040604
0.84337,0.040566
0.84152,0.040529
0.83967,0.040492
0.83782,0.040455
0.83597,0.040418
0.83412,0.040381
0.83227,0.040344
0.83042,0.040307
0.82857,0.04027
0.82672,0.040233
0.82487,0.040196
0.82302,0.040159
0.82117,0.040122
0.81932,0.040085
0.81747,0.040048
0.81562,0.040011
0.81377,0.039974
0.81192,0.039937
0.81008,0.0399
0.80823,0.039863
0.80638,0.039826
0.80453,0.03979
0.80268,0.039753
0.80083,0.039716
0.79898,0.039679
0.79713,0.039643
0.79528,0.039606
0.79343,0.039569
0.79158,0.039532
0.78973,0.039496
0.78788,0.039459
0.78603,0.039422
0.78418,0.039386
0.78233,0.039349
0.78048,0.039313
0.77863,0.039276
0.77678,0.039239
0.77493,0.039203
0.77308,0.039166
0.77123,0.03913
0.76939,0.039093
0.76754,0.039057
0.76569,0.03902
0.76384,0.038984
0.76199,0.038947
0.76014,0.038911
0.75829,0.038875
0.75644,0.038838
0.75459,0.038802
0.75274,0.038766
0.75089,0.038729
0.74904,0.038693
0.74719,0.038657
0.74534,0.03862
0.74349,0.038584
0.74164,0.038548
0.73979,0.038512
0.73794,0.038476
0.73609,0.038439
0.73424,0.038403
0.73239,0.038367
0.73055,0.038331
0.7287,0.038295
0.72685,0.038259
0.725,0.038223
0.72315,0.038187
0.7213,0.03815
0.71945,0.038114
0.7176,0.038078
0.71575,0.038042
0.7139,0.038006
0.71205,0.03797
0.7102,0.037935
0.70835,0.037899
0.7065,0.037863
0.70465,0.037827
0.7028,0.037791
0.70095,0.037755
0.6991,0.037719
0.69725,0.037683
0.6954,0.037648
0.69355,0.037612
0.6917,0.037576
0.68986,0.03754
0.68801,0.037504
0.68616,0.037469
0.68431,0.037433
0.68246,0.037397
0.68061,0.037362
0.67876,0.037326
0.67691,0.03729
0.67506,0.037255
0.67321,0.037219
0.67136,0.037183
0.66951,0.037148
0.66766,0.037112
0.66581,0.037077
0.66396,0.037041
0.66211,0.037006
0.66026,0.03697
0.65841,0.036935
0.65656,0.036899
0.65471,0.036864
0.65286,0.036828
0.65101,0.036793
0.64917,0.036758
0.64732,0.036722
0.64547,0.036687
0.64362,0.036652
0.64177,0.036616
0.63992,0.036581
0.63807,0.036546
0.63622,0.03651
0.63437,0.036475
0.63252,0.03644
0.63067,0.036405
0.62882,0.036369
0.62697,0.036334
0.62512,0.036299
0.62327,0.036264
0.62142,0.036229
0.61957,0.036194
0.61772,0.036158
0.61587,0.036123
0.61402,0.036088
0.61217,0.036053
0.61032,0.036018
0.60848,0.035983
0.60663,0.035948
0.60478,0.035913
0.60293,0.035878
0.60108,0.035843
0.59923,0.035808
0.59738,0.035773
0.59553,0.035738
0.59368,0.035703
0.59183,0.035668
0.58998,0.035634
0.58813,0.035599
0.58628,0.035564
0.58443,0.035529
0.58258,0.035494
0.58073,0.035459
0.57888,0.035425
0.57703,0.03539
0.57518,0.035355
0.57333,0.03532
0.57148,0.035286
0.56964,0.035251
0.56779,0.035216
0.56594,0.035182
0.56409,0.035147
0.56224,0.035112
0.56039,0.035078
0.55854,0.035043
0.55669,0.035008
0.55484,0.034974
0.55299,0.034939
0.55114,0.034905
0.54929,0.03487
0.54744,0.034836
0.54559,0.034801
0.54374,0.034767
0.54189,0.034732
0.54004,0.034698
0.53819,0.034663
0.53634,0.034629
0.53449,0.034594
0.53264,0.03456
0.53079,0.034526
0.52895,0.034491
0.5271,0.034457
0.52525,0.034422
0.5234,0.034388
0.52155,0.034354
0.5197,0.03432
0.51785,0.034285
0.516,0.034251
0.51415,0.034217
0.5123,0.034183
0.51045,0.034148
0.5086,0.034114
0.50675,0.03408
0.5049,0.034046
0.50305,0.034012
0.5012,0.033977
0.49935,0.033943
0.4975,0.033909
0.49565,0.033875
0.4938,0.033841
0.49195,0.033807
0.4901,0.033773
0.48826,0.033739
0.48641,0.033705
0.48456,0.033671
0.48271,0.033637
0.48086,0.033603
0.47901,0.033569
0.47716,0.033535
0.47531,0.033501
0.47346,0.033467
0.47161,0.033433
0.46976,0.033399
0.46791,0.033365
0.46606,0.033331
0.46421,0.033297
0.46236,0.033264
0.46051,0.03323
0.45866,0.033196
0.45681,0.033162
0.45496,0.033128
0.45311,0.033094
0.45126,0.033061
0.44941,0.033027
0.44757,0.032993
0.44572,0.032959
0.44387,0.032926
0.44202,0.032892
0.44017,0.032858
0.43832,0.032825
0.43647,0.032791
0.43462,0.032757
0.43277,0.032724
0.43092,0.03269
0.42907,0.032657
0.42722,0.032623
0.42537,0.032589
0.42352,0.032556
0.42167,0.032522
0.41982,0.032489
0.41797,0.032455
0.41612,0.032422
0.41427,0.032388
0.41242,0.032355
0.41057,0.032321
0.40873,0.032288
0.40688,0.032254
0.40503,0.032221
0.40318,0.032187
0.40133,0.032154
0.39948,0.032121
0.39763,0.032087
0.39578,0.032054
0.39393,0.03202
0.39208,0.031987
0.39023,0.031954
0.38838,0.03192
0.38653,0.031887
0.38468,0.031854
0.38283,0.031821
0.38098,0.031787
0.37913,0.031754
0.37728,0.031721
0.37543,0.031688
0.37358,0.031654
0.37173,0.031621
0.36988,0.031588
0.36804,0.031555
0.36619,0.031522
0.36434,0.031488
0.36249,0.031455
0.36064,0.031422
0.35879,0.031389
0.35694,0.031356
0.35509,0.031323
0.35324,0.03129
0.35139,0.031257
0.34954,0.031224
0.34769,0.03119
0.34584,0.031157
0.34399,0.031124
0.34214,0.031091
0.34029,0.031058
0.33844,0.031025
0.33659,0.030992
0.33474,0.030959
0.33289,0.030926
0.33104,0.030893
0.32919,0.030861
0.32735,0.030828
0.3255,0.030795
0.32365,0.030762
0.3218,0.030729
0.31995,0.030696
0.3181,0.030663
0.31625,0.03063
0.3144,0.030597
0.31255,0.030565
0.3107,0.030532
0.30885,0.030499
0.307,0.030466
0.30515,0.030433
0.3033,0.030401
0.30145,0.030368
0.2996,0.030335
0.29775,0.030302
0.2959,0.03027
0.29405,0.030237
0.2922,0.030204
0.29035,0.030171
0.28851,0.030139
0.28666,0.030106
0.28481,0.030073
0.28296,0.030041
0.28111,0.030008
0.27926,0.029975
0.27741,0.029943
0.27556,0.02991
0.27371,0.029877
0.27186,0.029845
0.27001,0.029812
0.26816,0.02978
0.26631,0.029747
0.26446,0.029715
0.26261,0.029682
0.26076,0.029649
0.25891,0.029617
0.25706,0.029584
0.25521,0.029552
0.25336,0.029519
0.25151,0.029487
0.24966,0.029454
0.24782,0.029422
0.24597,0.029389
0.24412,0.029357
0.24227,0.029325
0.24042,0.029292
0.23857,0.02926
0.23672,0.029227
0.23487,0.029195
0.23302,0.029162
0.23117,0.02913
0.22932,0.029098
0.22747,0.029065
0.22562,0.029033
0.22377,0.029001
0.22192,0.028968
0.22007,0.028936
0.21822,0.028904
0.21637,0.028871
0.21452,0.028839
0.21267,0.028807
0.21082,0.028774
0.20897,0.028742
0.20713,0.02871
0.20528,0.028678
0.20343,0.028645
0.20158,0.028613
0.19973,0.028581
0.19788,0.028549
0.19603,0.028516
0.19418,0.028484
0.19233,0.028452
0.19048,0.02842
0.18863,0.028388
0.18678,0.028355
0.18493,0.028323
0.18308,0.028291
0.18123,0.028259
0.17938,0.028227
0.17753,0.028195
0.17568,0.028163
0.17383,0.02813
0.17198,0.028098
0.17013,0.028066
0.16828,0.028034
0.16644,0.028002
0.16459,0.02797
0.16274,0.027938
0.16089,0.027906
0.15904,0.027874
0.15719,0.027842
0.15534,0.02781
0.15349,0.027778
0.15164,0.027746
0.14979,0.027714
0.14794,0.027682
0.14609,0.02765
0.14424,0.027618
0.14239,0.027586
0.14054,0.027554
0.13869,0.027522
0.13684,0.02749
0.13499,0.027458
0.13314,0.027426
0.13129,0.027394
0.12944,0.027362
0.1276,0.02733
0.12575,0.027298
0.1239,0.027266
0.12205,0.027234
0.1202,0.027203
0.11835,0.027171
0.1165,0.027139
0.11465,0.027107
0.1128,0.027075
0.11095,0.027043
0.1091,0.027011
0.10725,0.026979
0.1054,0.026948
0.10355,0.026916
0.1017,0.026884
0.099852,0.026852
0.098002,0.02682
0.096153,0.026788
0.094303,0.026757
0.092454,0.026725
0.090604,0.026693
0.088755,0.026661
0.086905,0.02663
0.085056,0.026598
0.083206,0.026566
0.081357,0.026534
0.079507,0.026503
0.077657,0.026471
0.075808,0.026439
0.073958,0.026407
0.072109,0.026376
0.070259,0.026344
0.06841,0.026312
0.06656,0.02628
0.064711,0.026249
0.062861,0.026217
0.061012,0.026185
0.059162,0.026154
0.057313,0.026122
0.055463,0.02609
0.053613,0.026059
0.051764,0.026027
0.049914,0.025995
0.048065,0.025964
0.046215,0.025932
0.044366,0.0259
0.042516,0.025869
0.040667,0.025837
0.038817,0.025806
0.036968,0.025774
0.035118,0.025742
0.033269,0.025711
0.031419,0.025679
0.029569,0.025648
0.02772,0.025616
0.02587,0.025584
0.024021,0.025553
0.022171,0.025521
0.020322,0.02549
0.018472,0.025458
0.016623,0.025427
0.014773,0.025395
0.012924,0.025364
0.011074,0.025332
0.0092245,0.0253
0.0073749,0.025269
0.0055254,0.025237
0.0036759,0.025206
0.0018263,0.025174
-2.3209e-05,0.025143
-0.0018727,0.025111
-0.0037223,0.02508
-0.0055718,0.025048
-0.0074214,0.025017
-0.0092709,0.024985
-0.01112,0.024954
-0.01297,0.024922
-0.01482,0.024891
-0.016669,0.024859
-0.018519,0.024828
-0.020368,0.024797
-0.022218,0.024765
-0.024067,0.024734
-0.025917,0.024702
-0.027766,0.024671
-0.029616,0.024639
-0.031465,0.024608
-0.033315,0.024577
-0.035164,0.024545
-0.037014,0.024514
-0.038864,0.024482
-0.040713,0.024451
-0.042563,0.024419
-0.044412,0.024388
-0.046262,0.024357
-0.048111,0.024325
-0.049961,0.024294
-0.05181,0.024262
-0.05366,0.024231
-0.055509,0.0242
-0.057359,0.024168
-0.059208,0.024137
-0.061058,0.024106
-0.062908,0.024074
-0.064757,0.024043
-0.066607,0.024012
-0.068456,0.02398
-0.070306,0.023949
-0.072155,0.023917
-0.074005,0.023886
-0.075854,0.023855
-0.077704,0.023823
-0.079553,0.023792
-0.081403,0.023761
-0.083253,0.023729
-0.085102,0.023698
-0.086952,0.023667
-0.088801,0.023636
-0.090651,0.023604
-0.0925,0.023573
-0.09435,0.023542
-0.096199,0.02351
-0.098049,0.023479
-0.099898,0.023448
-0.10175,0.023416
-0.1036,0.023385
-0.10545,0.023354
-0.1073,0.023323
-0.10915,0.023291
-0.111,0.02326
-0.11285,0.023229
-0.11469,0.023198
-0.11654,0.023166
-0.11839,0.023135
-0.12024,0.023104
-0.12209,0.023073
-0.12394,0.023041
-0.12579,0.02301
-0.12764,0.022979
-0.12949,0.022948
-0.13134,0.022916
-0.13319,0.022885
-0.13504,0.022854
-0.13689,0.022823
-0.13874,0.022791
-0.14059,0.02276
-0.14244,0.022729
-0.14429,0.022698
-0.14614,0.022667
-0.14799,0.022635
-0.14984,0.022604
-0.15169,0.022573
-0.15354,0.022542
-0.15538,0.02251
-0.15723,0.022479
-0.15908,0.022448
-0.16093,0.022417
-0.16278,0.022386
-0.16463,0.022355
-0.16648,0.022323
-0.16833,0.022292
-0.17018,0.022261
-0.17203,0.02223
-0.17388,0.022199
-0.17573,0.022167
-0.17758,0.022136
-0.17943,0.022105
-0.18128,0.022074
-0.18313,0.022043
-0.18498,0.022012
-0.18683,0.02198
-0.18868,0.021949
-0.19053,0.021918
-0.19238,0.021887
-0.19422,0.021856
-0.19607,0.021825
-0.19792,0.021794
-0.19977,0.021762
-0.20162,0.021731
-0.20347,0.0217
-0.20532,0.021669
-0.20717,0.021638
-0.20902,0.021607
-0.21087,0.021576
-0.21272,0.021544
-0.21457,0.021513
-0.21642,0.021482
-0.21827,0.021451
-0.22012,0.02142
-0.22197,0.021389
-0.22382,0.021358
-0.22567,0.021327
-0.22752,0.021295
-0.22937,0.021264
-0.23122,0.021233
-0.23307,0.021202
-0.23491,0.021171
-0.23676,0.02114
-0.23861,0.021109
-0.24046,0.021078
-0.24231,0.021047
-0.24416,0.021016
-0.24601,0.020984
-0.24786,0.020953
-0.24971,0.020922
-0.25156,0.020891
-0.25341,0.02086
-0.25526,0.020829
-0.25711,0.020798
-0.25896,0.020767
-0.26081,0.020736
-0.26266,0.020705
-0.26451,0.020674
-0.26636,0.020643
-0.26821,0.020612
-0.27006,0.02058
-0.27191,0.020549
-0.27376,0.020518
-0.2756,0.020487
-0.27745,0.020456
-0.2793,0.020425
-0.28115,0.020394
-0.283,0.020363
-0.28485,0.020332
-0.2867,0.020301
-0.28855,0.02027
-0.2904,0.020239
-0.29225,0.020208
-0.2941,0.020177
-0.29595,0.020146
-0.2978,0.020115
-0.29965,0.020084
-0.3015,0.020053
-0.30335,0.020022
-0.3052,0.019991
-0.30705,0.01996
-0.3089,0.019929
-0.31075,0.019897
-0.3126,0.019866
-0.31444,0.019835
-0.31629,0.019804
-0.31814,0.019773
-0.31999,0.019742
-0.32184,0.019711
-0.32369,0.01968
-0.32554,0.019649
-0.32739,0.019618
-0.32924,0.019587
-0.33109,0.019556
-0.33294,0.019525
-0.33479,0.019494
-0.33664,0.019463
-0.33849,0.019432
-0.34034,0.019401
-0.34219,0.01937
-0.34404,0.019339
-0.34589,0.019308
-0.34774,0.019277
-0.34959,0.019246
-0.35144,0.019215
-0.35329,0.019184
-0.35513,0.019153
-0.35698,0.019122
-0.35883,0.019091
-0.36068,0.01906
-0.36253,0.01903
-0.36438,0.018999
-0.36623,0.018968
-0.36808,0.018937
-0.36993,0.018906
-0.37178,0.018875
-0.37363,0.018844
-0.37548,0.018813
-0.37733,0.018782
-0.37918,0.018751
-0.38103,0.01872
-0.38288,0.018689
-0.38473,0.018658
-0.38658,0.018627
-0.38843,0.018596
-0.39028,0.018565
-0.39213,0.018534
-0.39398,0.018503
-0.39582,0.018472
-0.39767,0.018441
-0.39952,0.01841
-0.40137,0.01838
-0.40322,0.018349
-0.40507,0.018318
-0.40692,0.018287
-0.40877,0.018256
-0.41062,0.018225
-0.41247,0.018194
-0.41432,0.018163
-0.41617,0.018132
-0.41802,0.018101
-0.41987,0.01807
-0.42172,0.018039
-0.42357,0.018009
-0.42542,0.017978
-0.42727,0.017947
-0.42912,0.017916
-0.43097,0.017885
-0.43282,0.017854
-0.43467,0.017823
-0.43651,0.017792
-0.43836,0.017761
-0.44021,0.017731
-0.44206,0.0177
-0.44391,0.017669
-0.44576,0.017638
-0.44761,0.017607
-0.44946,0.017576
-0.45131,0.017545
-0.45316,0.017514
-0.45501,0.017484
-0.45686,0.017453
-0.45871,0.017422
-0.46056,0.017391
-0.46241,0.01736
-0.46426,0.017329
-0.46611,0.017299
-0.46796,0.017268
-0.46981,0.017237
-0.47166,0.017206
-0.47351,0.017175
-0.47535,0.017144
-0.4772,0.017114
-0.47905,0.017083
-0.4809,0.017052
-0.48275,0.017021
-0.4846,0.01699
-0.48645,0.016959
-0.4883,0.016929
-0.49015,0.016898
-0.492,0.016867
-0.49385,0.016836
-0.4957,0.016805
-0.49755,0.016775
-0.4994,0.016744
-0.50125,0.016713
-0.5031,0.016682
-0.50495,0.016652
-0.5068,0.016621
-0.50865,0.01659
-0.5105,0.016559
-0.51235,0.016529
-0.5142,0.016498
-0.51604,0.016467
-0.51789,0.016436
-0.51974,0.016406
-0.52159,0.016375
-0.52344,0.016344
-0.52529,0.016313
-0.52714,0.016283
-0.52899,0.016252
-0.53084,0.016221
-0.53269,0.01619
-0.53454,0.01616
-0.53639,0.016129
-0.53824,0.016098
-0.54009,0.016068
-0.54194,0.016037
-0.54379,0.016006
-0.54564,0.015976
-0.54749,0.015945
-0.54934,0.015914
-0.55119,0.015884
-0.55304,0.015853
-0.55489,0.015822
-0.55673,0.015792
-0.55858,0.015761
-0.56043,0.01573
-0.56228,0.0157
-0.56413,0.015669
-0.56598,0.015638
-0.56783,0.015608
-0.56968,0.015577
-0.57153,0.015546
-0.57338,0.015516
-0.57523,0.015485
-0.57708,0.015455
-0.57893,0.015424
-0.58078,0.015393
-0.58263,0.015363
-0.58448,0.015332
-0.58633,0.015302
-0.58818,0.015271
-0.59003,0.015241
-0.59188,0.01521
-0.59373,0.015179
-0.59558,0.015149
-0.59742,0.015118
-0.59927,0.015088
-0.60112,0.015057
-0.60297,0.015027
-0.60482,0.014996
-0.60667,0.014966
-0.60852,0.014935
-0.61037,0.014905
-0.61222,0.014874
-0.61407,0.014844
-0.61592,0.014813
-0.61777,0.014783
-0.61962,0.014752
-0.62147,0.014722
-0.62332,0.014691
-0.62517,0.014661
-0.62702,0.01463
-0.62887,0.0146
-0.63072,0.01457
-0.63257,0.014539
-0.63442,0.014509
-0.63626,0.014478
-0.63811,0.014448
-0.63996,0.014417
-0.64181,0.014387
-0.64366,0.014357
-0.64551,0.014326
-0.64736,0.014296
-0.64921,0.014266
-0.65106,0.014235
-0.65291,0.014205
-0.65476,0.014175
-0.65661,0.014144
-0.65846,0.014114
-0.66031,0.014084
-0.66216,0.014053
-0.66401,0.014023
-0.66586,0.013993
-0.66771,0.013962
-0.66956,0.013932
-0.67141,0.013902
-0.67326,0.013871
-0.67511,0.013841
-0.67695,0.013811
-0.6788,0.013781
-0.68065,0.01375
-0.6825,0.01372
-0.68435,0.01369
-0.6862,0.01366
-0.68805,0.01363
-0.6899,0.013599
-0.69175,0.013569
-0.6936,0.013539
-0.69545,0.013509
-0.6973,0.013479
-0.69915,0.013449
-0.701,0.013418
-0.70285,0.013388
-0.7047,0.013358
-0.70655,0.013328
-0.7084,0.013298
-0.71025,0.013268
-0.7121,0.013238
-0.71395,0.013208
-0.7158,0.013178
-0.71764,0.013148
-0.71949,0.013117
-0.72134,0.013087
-0.72319,0.013057
-0.72504,0.013027
-0.72689,0.012997
-0.72874,0.012967
-0.73059,0.012937
-0.73244,0.012907
-0.73429,0.012877
-0.73614,0.012847
-0.73799,0.012817
-0.73984,0.012788
-0.74169,0.012758
-0.74354,0.012728
-0.74539,0.012698
-0.74724,0.012668
-0.74909,0.012638
-0.75094,0.012608
-0.75279,0.012578
-0.75464,0.012548
-0.75648,0.012518
-0.75833,0.012489
-0.76018,0.012459
-0.76203,0.012429
-0.76388,0.012399
-0.76573,0.012369
-0.76758,0.01234
-0.76943,0.01231
-0.77128,0.01228
-0.77313,0.01225
-0.77498,0.01222
-0.77683,0.012191
-0.77868,0.012161
-0.78053,0.012131
-0.78238,0.012102
-0.78423,0.012072
-0.78608,0.012042
-0.78793,0.012013
-0.78978,0.011983
-0.79163,0.011953
-0.79348,0.011924
-0.79533,0.011894
-0.79717,0.011864
-0.79902,0.011835
-0.80087,0.011805
-0.80272,0.011776
-0.80457,0.011746
-0.80642,0.011716
-0.80827,0.011687
-0.81012,0.011657
-0.81197,0.011628
-0.81382,0.011598
-0.81567,0.011569
-0.81752,0.011539
-0.81937,0.01151
-0.82122,0.01148
-0.82307,0.011451
-0.82492,0.011422
-0.82677,0.011392
-0.82862,0.011363
-0.83047,0.011333
-0.83232,0.011304
-0.83417,0.011275
-0.83602,0.011245
-0.83786,0.011216
-0.83971,0.011187
-0.84156,0.011157
-0.84341,0.011128
-0.84526,0.011099
-0.84711,0.011069
-0.84896,0.01104
-0.85081,0.011011
-0.85266,0.010982
-0.85451,0.010952
-0.85636,0.010923
-0.85821,0.010894
-0.86006,0.010865
-0.86191,0.010836
-0.86376,0.010806
-0.86561,0.010777
-0.86746,0.010748
-0.86931,0.010719
-0.87116,0.01069
-0.87301,0.010661
-0.87486,0.010632
-0.87671,0.010603
-0.87855,0.010574
-0.8804,0.010544
-0.88225,0.010515
-0.8841,0.010486
-0.88595,0.010457
-0.8878,0.010428
-0.88965,0.010399
-0.8915,0.01037
-0.89335,0.010342
-0.8952,0.010313
-0.89705,0.010284
-0.8989,0.010255
-0.90075,0.010226
-0.9026,0.010197
-0.90445,0.010168
-0.9063,0.010139
-0.90815,0.01011
-0.91,0.010082
-0.91185,0.010053
-0.9137,0.010024
-0.91555,0.0099951
-0.91739,0.0099663
-0.91924,0.0099375
-0.92109,0.0099088
-0.92294,0.00988
-0.92479,0.0098513
-0.92664,0.0098226
-0.92849,0.0097939
-0.93034,0.0097652
-0.93219,0.0097365
-0.93404,0.0097079
-0.93589,0.0096792
-0.93774,0.0096506
-0.93959,0.0096219
-0.94144,0.0095933
-0.94329,0.0095647
-0.94514,0.0095361
-0.94699,0.0095076
-0.94884,0.009479
-0.95069,0.0094505
-0.95254,0.0094219
-0.95439,0.0093934
-0.95624,0.0093649
-0.95808,0.0093364
-0.95993,0.0093079
-0.96178,0.0092795
-0.96363,0.009251
-0.96548,0.0092225
-0.96733,0.0091941
-0.96918,0.0091657
-0.97103,0.0091373
-0.97288,0.0091089
-0.97473,0.0090805
-0.97658,0.0090521
-0.97843,0.0090238
-0.98028,0.0089954
-0.98213,0.0089671
-0.98398,0.0089388
-0.98583,0.0089105
-0.98768,0.0088822
-0.98953,0.0088539
-0.99138,0.0088256
-0.99323,0.0087973
-0.99508,0.0087691
-0.99693,0.0087408
-0.99877,0.0087126
-1.0006,0.0086844
-1.0025,0.0086562
-1.0043,0.008628
-1.0062,0.0085998
-1.008,0.0085716
-1.0099,0.0085434
-1.0117,0.0085153
-1.0136,0.0084871
-1.0154,0.008459
-1.0173,0.0084309
-1.0191,0.0084027
-1.021,0.0083746
-1.0228,0.0083465
-1.0247,0.0083185
-1.0265,0.0082904
-1.0284,0.0082623
-1.0302,0.0082342
-1.0321,0.0082062
-1.0339,0.0081782
-1.0358,0.0081501
-1.0376,0.0081221
-1.0395,0.0080941
-1.0413,0.0080661
-1.0432,0.0080381
-1.045,0.0080101
-1.0469,0.0079821
-1.0487,0.0079541
-1.0506,0.0079262
-1.0524,0.0078982
-1.0543,0.0078702
-1.0561,0.0078423
-1.058,0.0078144
-1.0598,0.0077864
-1.0617,0.0077585
-1.0635,0.0077306
-1.0654,0.0077027
-1.0672,0.0076748
-1.0691,0.0076468
-1.0709,0.0076189
-1.0728,0.0075911
-1.0746,0.0075632
-1.0765,0.0075353
-1.0783,0.0075074
-1.0802,0.0074795
-1.082,0.0074517
-1.0839,0.0074238
-1.0857,0.0073959
-1.0876,0.0073681
-1.0894,0.0073402
-1.0913,0.0073123
-1.0931,0.0072845
-1.095,0.0072566
-1.0968,0.0072288
-1.0986,0.0072009
-1.1005,0.0071731
-1.1023,0.0071453
-1.1042,0.0071174
-1.106,0.0070896
-1.1079,0.0070617
-1.1097,0.0070339
-1.1116,0.007006
-1.1134,0.0069782
-1.1153,0.0069504
-1.1171,0.0069225
-1.119,0.0068947
-1.1208,0.0068668
-1.1227,0.006839
-1.1245,0.0068111
-1.1264,0.0067833
-1.1282,0.0067554
-1.1301,0.0067275
-1.1319,0.0066997
-1.1338,0.0066718
-1.1356,0.0066439
-1.1375,0.006616
-1.1393,0.0065881
-1.1412,0.0065603
-1.143,0.0065324
-1.1449,0.0065045
-1.1467,0.0064765
-1.1486,0.0064486
-1.1504,0.0064207
-1.1523,0.0063928
-1.1541,0.0063648
-1.156,0.0063369
-1.1578,0.0063089
-1.1597,0.0062809
-1.1615,0.006253
-1.1634,0.006225
-1.1652,0.006197
-1.1671,0.006169
-1.1689,0.0061409
-1.1708,0.0061129
-1.1726,0.0060848
-1.1745,0.0060568
-1.1763,0.0060287
-1.1782,0.0060006
-1.18,0.0059725
-1.1819,0.0059444
-1.1837,0.0059163
-1.1856,0.0058881
-1.1874,0.0058599
-1.1893,0.0058318
-1.1911,0.0058036
-1.193,0.0057753
-1.1948,0.0057471
-1.1967,0.0057188
-1.1985,0.0056906
-1.2004,0.0056623
-1.2022,0.0056339
-1.2041,0.0056056
-1.2059,0.0055772
-1.2078,0.0055489
-1.2096,0.0055205
-1.2115,0.005492
-1.2133,0.0054636
-1.2152,0.0054351
-1.217,0.0054066
-1.2189,0.0053781
-1.2207,0.0053495
-1.2226,0.0053209
-1.2244,0.0052923
-1.2263,0.0052637
-1.2281,0.005235
-1.23,0.0052063
-1.2318,0.0051776
-1.2337,0.0051488
-1.2355,0.0051201
-1.2374,0.0050912
-1.2392,0.0050624
-1.2411,0.0050335
-1.2429,0.0050046
-1.2448,0.0049756
-1.2466,0.0049466
-1.2485,0.0049176
-1.2503,0.0048886
-1.2522,0.0048595
-1.254,0.0048303
-1.2559,0.0048011
-1.2577,0.0047719
-1.2596,0.0047427
-1.2614,0.0047134
-1.2633,0.004684
-1.2651,0.0046547
-1.267,0.0046252
-1.2688,0.0045958
-1.2707,0.0045663
-1.2725,0.0045367
-1.2744,0.0045071
-1.2762,0.0044775
-1.2781,0.0044478
-1.2799,0.004418
-1.2818,0.0043882
-1.2836,0.0043584
-1.2855,0.0043285
-1.2873,0.0042985
-1.2892,0.0042685
-1.291,0.0042385
-1.2929,0.0042084
-1.2947,0.0041782
-1.2966,0.004148
-1.2984,0.0041177
-1.3002,0.0040874
-1.3021,0.004057
-1.3039,0.0040266
-1.3058,0.003996
-1.3076,0.0039655
-1.3095,0.0039348
-1.3113,0.0039042
-1.3132,0.0038734
-1.315,0.0038426
-1.3169,0.0038117
-1.3187,0.0037807
-1.3206,0.0037497
-1.3224,0.0037186
-1.3243,0.0036875
-1.3261,0.0036562
-1.328,0.0036249
-1.3298,0.0035936
-1.3317,0.0035621
-1.3335,0.0035306
-1.3354,0.003499
-1.3372,0.0034673
-1.3391,0.0034356
-1.3409,0.0034038
-1.3428,0.0033719
-1.3446,0.0033399
-1.3465,0.0033078
-1.3483,0.0032757
-1.3502,0.0032434
-1.352,0.0032111
-1.3539,0.0031787
-1.3557,0.0031462
-1.3576,0.0031137
-1.3594,0.003081
-1.3613,0.0030483
-1.3631,0.0030154
-1.365,0.0029825
-1.3668,0.0029495
-1.3687,0.0029163
-1.3705,0.0028831
-1.3724,0.0028498
-1.3742,0.0028164
-1.3761,0.0027829
-1.3779,0.0027493
-1.3798,0.0027156
-1.3816,0.0026818
-1.3835,0.0026479
-1.3853,0.0026139
-1.3872,0.0025798
-1.389,0.0025456
-1.3909,0.0025113
-1.3927,0.0024768
-1.3946,0.0024423
-1.3964,0.0024076
-1.3983,0.0023729
-1.4001,0.002338
-1.402,0.002303
-1.4038,0.0022679
-1.4057,0.0022327
-1.4075,0.0021973
-1.4094,0.0021619
-1.4112,0.0021263
-1.4131,0.0020906
-1.4149,0.0020548
-1.4168,0.0020188
-1.4186,0.0019828
-1.4205,0.0019466
-1.4223,0.0019103
-1.4242,0.0018738
-1.426,0.0018372
-1.4279,0.0018005
-1.4297,0.0017637
-1.4316,0.0017267
-1.4334,0.0016896
-1.4353,0.0016523
-1.4371,0.0016149
-1.439,0.0015774
-1.4408,0.0015397
-1.4427,0.0015019
-1.4445,0.001464
-1.4464,0.0014259
-1.4482,0.0013876
-1.4501,0.0013493
-1.4519,0.0013107
-1.4538,0.001272
-1.4556,0.0012332
-1.4575,0.0011942
-1.4593,0.0011551
-1.4612,0.0011158
-1.463,0.0010763
-1.4649,0.0010367
-1.4667,0.00099694
-1.4686,0.00095701
-1.4704,0.00091692
-1.4723,0.00087667
-1.4741,0.00083625
-1.476,0.00079567
-1.4778,0.00075492
-1.4797,0.000714
-1.4815,0.00067291
-1.4834,0.00063165
-1.4852,0.00059022
-1.4871,0.00054861
-1.4889,0.00050683
-1.4908,0.00046487
-1.4926,0.00042273
-1.4945,0.00038041
-1.4963,0.00033791
